sym,spot,exp,dte,strike,ask,cost,otm%,be%,oi,spread%,p_be_2y,p_touch_2y,exp_2y,p_be_1y,p_touch_1y,exp_1y,p_be_adj,p_touch_adj,exp_adj,n_eff,hits_eff,reliable,be_sigma,worst_exp
SPY,736.96,2026-08-03,7,737.0,7.25,725.0,0.0,1.0,427,0.0,37.1,47.1,-1.0,34.4,42.9,-15.0,16.2,20.0,-53.0,99.8,16.2,True,0.72,-15.0
SPY,736.96,2026-08-03,7,738.0,6.67,667.0,0.1,1.0,401,0.0,35.9,46.1,-2.0,34.0,41.7,-16.0,15.2,18.6,-57.0,99.8,15.2,True,0.76,-16.0
SPY,736.96,2026-08-03,7,739.0,6.1,610.0,0.3,1.1,328,0.0,34.1,44.9,-2.0,32.4,41.3,-17.0,14.0,16.8,-60.0,99.8,14.0,True,0.8,-17.0
SPY,736.96,2026-08-03,7,740.0,5.56,556.0,0.4,1.2,615,0.0,32.1,42.7,-2.0,30.0,38.5,-19.0,13.2,15.8,-63.0,99.8,13.2,True,0.84,-19.0
SPY,736.96,2026-08-03,7,743.0,4.08,408.0,0.8,1.4,705,1.0,26.3,34.7,0.0,24.3,30.0,-21.0,10.8,11.8,-70.0,99.8,10.8,True,0.99,-21.0
SPY,736.96,2026-08-03,7,744.0,3.64,364.0,1.0,1.4,628,1.0,25.1,32.3,2.0,23.1,27.9,-22.0,10.6,11.6,-71.0,99.8,10.6,True,1.05,-22.0
SPY,736.96,2026-08-03,7,745.0,3.22,322.0,1.1,1.5,2624,1.0,23.0,29.9,4.0,22.3,26.7,-23.0,9.4,10.2,-72.0,99.8,9.4,True,1.1,-23.0
SPY,736.96,2026-08-03,7,746.0,2.83,283.0,1.2,1.6,1032,0.0,21.4,26.9,7.0,20.6,24.3,-23.0,8.2,8.8,-73.0,99.8,8.2,True,1.16,-23.0
SPY,736.96,2026-08-03,7,747.0,2.47,247.0,1.4,1.7,428,0.0,20.0,24.6,11.0,18.6,21.9,-22.0,7.4,8.0,-74.0,99.8,7.4,True,1.22,-22.0
SPY,736.96,2026-08-03,7,748.0,2.14,214.0,1.5,1.8,710,1.0,18.8,22.6,16.0,17.4,20.6,-21.0,7.2,7.8,-75.0,99.8,7.2,True,1.29,-21.0
SPY,736.96,2026-08-03,7,749.0,1.84,184.0,1.6,1.9,633,1.0,17.2,20.6,23.0,15.0,17.8,-20.0,6.4,7.0,-76.0,99.8,6.4,True,1.36,-20.0
SPY,736.96,2026-08-03,7,750.0,1.56,156.0,1.8,2.0,1480,1.0,16.4,19.6,32.0,13.8,16.6,-18.0,5.8,6.4,-76.0,99.8,5.8,True,1.43,-18.0
SPY,736.96,2026-08-03,7,751.0,1.31,131.0,1.9,2.1,345,1.0,15.4,18.2,44.0,12.1,15.4,-14.0,5.2,5.4,-77.0,99.8,5.2,True,1.5,-14.0
SPY,736.96,2026-08-03,7,752.0,1.09,109.0,2.0,2.2,374,1.0,14.4,17.0,58.0,10.9,13.8,-9.0,4.4,4.6,-78.0,99.8,4.4,False,1.57,-9.0
SPY,736.96,2026-08-03,7,755.0,0.59,59.0,2.4,2.5,833,2.0,12.0,12.8,121.0,8.1,8.5,15.0,3.0,3.0,-80.0,99.8,3.0,False,1.82,15.0
SPY,736.96,2026-08-03,7,757.0,0.38,38.0,2.7,2.8,410,5.0,10.6,11.6,183.0,7.3,7.7,37.0,1.4,1.4,-81.0,99.8,1.4,False,1.99,37.0
SPY,736.96,2026-08-03,7,758.0,0.29,29.0,2.9,2.9,366,3.0,10.2,10.6,234.0,6.9,7.3,55.0,0.8,0.8,-80.0,99.8,0.8,False,2.08,55.0
SPY,736.96,2026-08-03,7,759.0,0.23,23.0,3.0,3.0,884,4.0,8.8,9.2,279.0,6.1,6.5,67.0,0.8,0.8,-79.0,99.8,0.8,False,2.17,67.0
SPY,736.96,2026-08-03,7,760.0,0.18,18.0,3.1,3.2,833,6.0,7.8,8.2,336.0,5.3,5.7,80.0,0.6,0.8,-77.0,99.8,0.6,False,2.26,80.0
SPY,736.96,2026-08-03,7,761.0,0.14,14.0,3.3,3.3,312,7.0,7.4,7.8,406.0,4.5,5.3,96.0,0.6,0.8,-74.0,99.8,0.6,False,2.35,96.0
SPY,736.96,2026-08-03,7,762.0,0.11,11.0,3.4,3.4,299,9.0,7.2,7.8,478.0,4.0,5.3,112.0,0.6,0.8,-73.0,99.8,0.6,False,2.44,112.0
SPY,736.96,2026-08-03,7,763.0,0.09,9.0,3.5,3.5,333,11.0,6.4,7.0,529.0,3.6,4.5,114.0,0.6,0.8,-73.0,99.8,0.6,False,2.53,114.0
SPY,736.96,2026-08-03,7,764.0,0.07,7.0,3.7,3.7,453,14.0,6.0,6.6,621.0,3.2,4.0,126.0,0.6,0.8,-74.0,99.8,0.6,False,2.63,126.0
SPY,736.96,2026-08-03,7,765.0,0.06,6.0,3.8,3.8,984,17.0,5.4,5.8,644.0,2.8,3.2,112.0,0.4,0.8,-79.0,99.8,0.4,False,2.72,112.0
SPY,736.96,2026-08-04,8,738.0,7.18,718.0,0.1,1.1,303,0.0,36.3,49.0,1.0,32.5,44.7,-12.0,15.7,19.7,-56.0,83.0,13.0,True,0.74,-12.0
SPY,736.96,2026-08-04,8,739.0,6.62,662.0,0.3,1.2,261,0.0,35.7,47.4,1.0,32.5,43.5,-13.0,14.5,18.5,-59.0,83.0,12.0,True,0.78,-13.0
SPY,736.96,2026-08-04,8,740.0,6.06,606.0,0.4,1.2,307,0.0,34.3,45.0,2.0,30.5,39.4,-14.0,13.9,17.1,-61.0,83.0,11.5,True,0.81,-14.0
SPY,736.96,2026-08-04,8,741.0,5.54,554.0,0.5,1.3,260,1.0,33.1,43.4,3.0,29.3,37.4,-14.0,12.9,15.9,-64.0,83.0,10.67,True,0.86,-14.0
SPY,736.96,2026-08-04,8,742.0,5.03,503.0,0.7,1.4,436,0.0,31.5,41.2,4.0,28.9,36.2,-15.0,11.8,14.3,-67.0,83.0,9.83,True,0.9,-15.0
SPY,736.96,2026-08-04,8,743.0,4.54,454.0,0.8,1.4,404,0.0,30.5,38.6,5.0,27.6,33.3,-15.0,11.0,13.9,-68.0,83.0,9.17,True,0.95,-15.0
SPY,736.96,2026-08-04,8,745.0,3.66,366.0,1.1,1.6,488,1.0,26.3,33.3,9.0,24.4,29.7,-14.0,9.0,10.2,-71.0,83.0,7.5,True,1.05,-14.0
SPY,736.96,2026-08-04,8,747.0,2.87,287.0,1.4,1.8,267,1.0,21.9,28.7,15.0,20.7,26.4,-12.0,8.4,8.8,-73.0,83.0,7.0,True,1.15,-12.0
SPY,736.96,2026-08-04,8,748.0,2.52,252.0,1.5,1.8,374,1.0,20.7,26.5,19.0,18.7,24.4,-11.0,7.8,8.6,-73.0,83.0,6.5,True,1.21,-11.0
SPY,736.96,2026-08-04,8,750.0,1.9,190.0,1.8,2.0,848,1.0,18.5,23.3,32.0,17.1,20.7,-7.0,7.2,7.6,-74.0,83.0,6.0,True,1.33,-7.0
SPY,736.96,2026-08-04,8,751.0,1.63,163.0,1.9,2.1,311,1.0,17.3,21.1,41.0,16.3,18.7,-3.0,6.6,6.8,-75.0,83.0,5.5,True,1.4,-3.0
SPY,736.96,2026-08-04,8,753.0,1.16,116.0,2.2,2.3,300,1.0,15.1,17.9,67.0,13.8,15.4,7.0,5.2,5.6,-76.0,83.0,4.33,False,1.53,7.0
SPY,736.96,2026-08-04,8,754.0,0.97,97.0,2.3,2.4,606,1.0,13.9,16.5,83.0,12.2,13.0,13.0,4.4,4.6,-78.0,83.0,3.67,False,1.6,13.0
SPY,736.96,2026-08-04,8,755.0,0.8,80.0,2.4,2.6,972,1.0,13.7,16.1,104.0,11.8,12.2,21.0,3.2,3.6,-79.0,83.0,2.67,False,1.68,21.0
SPY,736.96,2026-08-04,8,756.0,0.65,65.0,2.6,2.7,385,2.0,12.2,14.5,129.0,9.3,10.6,31.0,2.8,3.0,-80.0,83.0,2.33,False,1.75,31.0
SPY,736.96,2026-08-04,8,757.0,0.53,53.0,2.7,2.8,274,2.0,11.8,13.9,158.0,8.9,10.2,42.0,1.8,1.8,-81.0,83.0,1.5,False,1.83,42.0
SPY,736.96,2026-08-04,8,760.0,0.27,27.0,3.1,3.2,261,4.0,8.4,8.8,292.0,4.9,5.7,101.0,1.2,1.4,-81.0,83.0,1.0,False,2.07,101.0
SPY,736.96,2026-08-04,8,762.0,0.17,17.0,3.4,3.4,373,6.0,8.2,8.8,423.0,4.5,5.7,161.0,1.0,1.2,-84.0,83.0,0.83,False,2.23,161.0
SPY,736.96,2026-08-04,8,763.0,0.14,14.0,3.5,3.6,300,7.0,8.0,8.4,478.0,4.5,5.3,184.0,1.0,1.2,-88.0,83.0,0.83,False,2.32,184.0
SPY,736.96,2026-08-04,8,764.0,0.11,11.0,3.7,3.7,279,9.0,7.6,8.2,564.0,4.5,5.3,221.0,0.4,1.0,-90.0,83.0,0.33,False,2.4,221.0
SPY,736.96,2026-08-04,8,765.0,0.09,9.0,3.8,3.8,331,11.0,7.2,7.6,628.0,3.7,4.1,247.0,0.2,0.8,-92.0,83.0,0.17,False,2.49,247.0
SPY,736.96,2026-08-04,8,767.0,0.06,6.0,4.1,4.1,311,17.0,6.6,6.6,762.0,3.3,3.3,304.0,0.2,0.8,-95.0,83.0,0.17,False,2.66,304.0
SPY,736.96,2026-08-05,9,738.0,7.65,765.0,0.1,1.2,324,0.0,35.7,47.4,-5.0,32.5,43.5,-18.0,14.5,18.5,-58.0,83.0,12.0,True,0.78,-18.0
SPY,736.96,2026-08-05,9,741.0,5.98,598.0,0.5,1.4,266,1.0,31.9,41.6,-5.0,29.3,36.6,-21.0,11.8,14.3,-67.0,83.0,9.83,True,0.9,-21.0
SPY,736.96,2026-08-05,9,742.0,5.46,546.0,0.7,1.4,268,0.0,30.7,39.2,-4.0,28.0,34.1,-21.0,11.0,13.9,-69.0,83.0,9.17,True,0.94,-21.0
SPY,736.96,2026-08-05,9,743.0,4.97,497.0,0.8,1.5,491,1.0,28.5,36.1,-4.0,27.2,32.1,-22.0,9.8,12.7,-71.0,83.0,8.17,True,0.98,-22.0
SPY,736.96,2026-08-05,9,750.0,2.21,221.0,1.8,2.1,336,1.0,18.1,22.1,14.0,16.7,19.9,-20.0,7.0,7.2,-78.0,83.0,5.83,True,1.36,-20.0
SPY,736.96,2026-08-05,9,757.0,0.69,69.0,2.7,2.8,359,1.0,11.2,13.7,98.0,7.7,9.8,9.0,1.8,1.8,-85.0,83.0,1.5,False,1.84,9.0
SPY,736.96,2026-08-05,9,759.0,0.46,46.0,3.0,3.1,312,2.0,9.0,10.2,150.0,6.1,7.7,31.0,1.4,1.4,-86.0,83.0,1.17,False,2.0,31.0
SPY,736.96,2026-08-05,9,760.0,0.38,38.0,3.1,3.2,689,5.0,8.4,8.8,179.0,4.9,5.7,42.0,1.2,1.4,-87.0,83.0,1.0,False,2.08,42.0
SPY,736.96,2026-08-06,10,740.0,6.98,698.0,0.4,1.4,313,0.0,33.6,44.7,-2.0,30.6,40.4,-18.0,13.1,16.3,-63.0,71.0,9.29,True,0.83,-18.0
SPY,736.96,2026-08-06,10,741.0,6.43,643.0,0.5,1.4,574,0.0,32.2,43.1,-1.0,29.4,38.4,-18.0,12.5,15.7,-65.0,71.0,8.86,True,0.87,-18.0
SPY,736.96,2026-08-06,10,745.0,4.46,446.0,1.1,1.7,382,0.0,26.8,34.6,4.0,24.1,31.4,-18.0,10.9,11.7,-72.0,71.0,7.71,True,1.03,-18.0
SPY,736.96,2026-08-06,10,750.0,2.53,253.0,1.8,2.1,353,0.0,19.9,24.5,19.0,17.6,21.2,-12.0,7.6,8.0,-76.0,71.0,5.43,True,1.29,-12.0
SPY,736.96,2026-08-06,10,753.0,1.68,168.0,2.2,2.4,253,1.0,16.3,19.1,40.0,13.5,15.5,-2.0,5.4,6.4,-79.0,71.0,3.86,False,1.46,-2.0
SPY,736.96,2026-08-06,10,761.0,0.41,41.0,3.3,3.3,255,2.0,10.9,11.7,203.0,8.2,8.6,90.0,1.4,1.8,-89.0,71.0,1.0,False,2.01,90.0
SPY,736.96,2026-08-06,10,763.0,0.27,27.0,3.5,3.6,474,4.0,9.1,9.7,285.0,6.1,6.5,135.0,0.6,1.2,-92.0,71.0,0.43,False,2.16,135.0
SPY,736.96,2026-08-06,10,768.0,0.1,10.0,4.2,4.2,382,10.0,7.0,7.4,533.0,4.1,4.5,308.0,0.2,0.8,-99.0,71.0,0.14,False,2.54,308.0
SPY,736.96,2026-08-06,10,770.0,0.07,7.0,4.5,4.5,824,14.0,5.6,6.6,618.0,2.9,4.1,378.0,0.0,0.6,-100.0,71.0,0.0,False,2.7,378.0
SPY,736.96,2026-08-07,11,737.0,9.38,938.0,0.0,1.3,382,0.0,36.5,50.2,-3.0,32.0,45.1,-15.0,14.7,19.6,-56.0,62.0,9.12,True,0.73,-15.0
SPY,736.96,2026-08-07,11,738.0,8.78,878.0,0.1,1.3,597,0.0,35.3,47.4,-3.0,29.9,43.0,-16.0,13.9,18.5,-58.0,62.0,8.62,True,0.76,-16.0
SPY,736.96,2026-08-07,11,739.0,8.18,818.0,0.3,1.4,498,0.0,34.9,46.2,-3.0,29.5,42.2,-17.0,12.9,17.1,-61.0,62.0,8.0,True,0.79,-17.0
SPY,736.96,2026-08-07,11,740.0,7.6,760.0,0.4,1.4,6189,0.0,33.9,44.0,-2.0,28.3,38.5,-18.0,12.7,16.3,-63.0,62.0,7.88,True,0.82,-18.0
SPY,736.96,2026-08-07,11,741.0,7.05,705.0,0.5,1.5,600,0.0,33.3,42.7,-2.0,27.9,37.7,-18.0,12.1,15.3,-66.0,62.0,7.5,True,0.86,-18.0
SPY,736.96,2026-08-07,11,742.0,6.52,652.0,0.7,1.6,828,1.0,32.3,41.9,-1.0,26.6,37.3,-18.0,11.7,13.7,-68.0,62.0,7.25,True,0.89,-18.0
SPY,736.96,2026-08-07,11,743.0,6.0,600.0,0.8,1.6,720,1.0,31.2,40.5,-0.0,25.8,36.1,-18.0,11.1,12.9,-70.0,62.0,6.88,True,0.93,-18.0
SPY,736.96,2026-08-07,11,744.0,5.51,551.0,1.0,1.7,980,1.0,30.0,38.7,1.0,24.2,34.4,-18.0,10.5,12.3,-72.0,62.0,6.5,True,0.97,-18.0
SPY,736.96,2026-08-07,11,745.0,5.03,503.0,1.1,1.8,2816,1.0,29.0,37.1,2.0,23.0,32.8,-18.0,9.9,11.7,-73.0,62.0,6.12,True,1.01,-18.0
SPY,736.96,2026-08-07,11,746.0,4.58,458.0,1.2,1.8,1845,1.0,28.2,36.1,3.0,22.5,32.4,-17.0,9.3,11.1,-75.0,62.0,5.75,True,1.05,-17.0
SPY,736.96,2026-08-07,11,747.0,4.15,415.0,1.4,1.9,1619,1.0,27.4,34.9,5.0,22.1,30.3,-16.0,8.9,10.3,-75.0,62.0,5.5,True,1.1,-16.0
SPY,736.96,2026-08-07,11,748.0,3.74,374.0,1.5,2.0,1360,1.0,26.0,33.3,8.0,21.3,28.7,-15.0,8.3,9.9,-76.0,62.0,5.12,True,1.14,-15.0
SPY,736.96,2026-08-07,11,749.0,3.36,336.0,1.6,2.1,1216,1.0,24.0,29.8,10.0,20.1,26.2,-13.0,7.9,9.3,-77.0,62.0,4.88,False,1.19,-13.0
SPY,736.96,2026-08-07,11,750.0,3.0,300.0,1.8,2.2,3990,0.0,22.6,28.4,14.0,18.4,24.2,-11.0,7.3,8.9,-78.0,62.0,4.5,False,1.24,-11.0
SPY,736.96,2026-08-07,11,751.0,2.67,267.0,1.9,2.3,1283,1.0,20.4,26.2,17.0,17.2,23.4,-8.0,6.5,8.1,-78.0,62.0,4.0,False,1.29,-8.0
SPY,736.96,2026-08-07,11,752.0,2.36,236.0,2.0,2.4,4326,1.0,18.5,23.6,21.0,15.2,20.1,-6.0,5.8,7.7,-79.0,62.0,3.62,False,1.34,-6.0
SPY,736.96,2026-08-07,11,753.0,2.07,207.0,2.2,2.5,1696,1.0,16.9,21.4,27.0,14.3,17.6,-2.0,5.6,7.5,-80.0,62.0,3.5,False,1.4,-2.0
SPY,736.96,2026-08-07,11,754.0,1.81,181.0,2.3,2.6,1335,1.0,15.7,20.0,33.0,13.1,16.4,2.0,4.6,6.7,-81.0,62.0,2.87,False,1.45,2.0
SPY,736.96,2026-08-07,11,755.0,1.57,157.0,2.4,2.7,3071,1.0,15.3,19.0,42.0,13.1,15.6,8.0,4.0,5.6,-81.0,62.0,2.5,False,1.51,8.0
SPY,736.96,2026-08-07,11,756.0,1.36,136.0,2.6,2.8,1191,1.0,13.9,17.7,52.0,11.5,13.9,15.0,3.2,4.8,-82.0,62.0,2.0,False,1.57,15.0
SPY,736.96,2026-08-07,11,757.0,1.16,116.0,2.7,2.9,1966,1.0,12.9,15.9,65.0,10.2,11.9,24.0,2.6,3.8,-83.0,62.0,1.62,False,1.63,24.0
SPY,736.96,2026-08-07,11,758.0,0.99,99.0,2.9,3.0,1379,1.0,12.7,14.5,80.0,10.2,11.5,34.0,2.6,3.4,-83.0,62.0,1.62,False,1.69,34.0
SPY,736.96,2026-08-07,11,759.0,0.84,84.0,3.0,3.1,619,1.0,12.1,13.5,97.0,9.0,10.7,46.0,2.6,3.4,-83.0,62.0,1.62,False,1.76,46.0
SPY,736.96,2026-08-07,11,760.0,0.71,71.0,3.1,3.2,10150,1.0,11.7,13.1,115.0,8.6,9.8,60.0,2.2,2.8,-84.0,62.0,1.38,False,1.82,60.0
SPY,736.96,2026-08-07,11,761.0,0.59,59.0,3.3,3.3,821,2.0,11.1,12.9,139.0,8.2,9.8,78.0,2.0,2.6,-84.0,62.0,1.25,False,1.89,78.0
SPY,736.96,2026-08-07,11,762.0,0.49,49.0,3.4,3.5,1578,2.0,10.3,11.7,166.0,7.4,8.6,98.0,1.6,2.2,-85.0,62.0,1.0,False,1.96,98.0
SPY,736.96,2026-08-07,11,763.0,0.41,41.0,3.5,3.6,814,2.0,9.7,11.5,192.0,7.0,8.2,118.0,1.4,2.0,-86.0,62.0,0.87,False,2.03,118.0
SPY,736.96,2026-08-07,11,764.0,0.34,34.0,3.7,3.7,531,3.0,9.1,10.5,224.0,6.6,7.4,142.0,1.2,1.8,-88.0,62.0,0.75,False,2.1,142.0
SPY,736.96,2026-08-07,11,765.0,0.28,28.0,3.8,3.8,6851,4.0,8.9,10.1,261.0,6.1,7.0,171.0,1.2,1.8,-89.0,62.0,0.75,False,2.17,171.0
SPY,736.96,2026-08-07,11,766.0,0.23,23.0,3.9,4.0,1091,4.0,8.3,9.7,302.0,5.3,6.1,205.0,1.0,1.6,-92.0,62.0,0.62,False,2.24,205.0
SPY,736.96,2026-08-07,11,767.0,0.19,19.0,4.1,4.1,844,5.0,7.9,9.1,344.0,4.9,5.3,243.0,0.6,1.2,-94.0,62.0,0.38,False,2.31,243.0
SPY,736.96,2026-08-07,11,768.0,0.16,16.0,4.2,4.2,867,6.0,7.3,8.5,379.0,4.5,4.9,276.0,0.2,0.8,-96.0,62.0,0.12,False,2.38,276.0
SPY,736.96,2026-08-07,11,769.0,0.13,13.0,4.3,4.4,985,8.0,6.9,8.3,435.0,4.5,4.9,329.0,0.2,0.8,-96.0,62.0,0.12,False,2.46,329.0
SPY,736.96,2026-08-07,11,770.0,0.11,11.0,4.5,4.5,1950,9.0,6.2,7.7,472.0,4.5,4.5,366.0,0.2,0.8,-98.0,62.0,0.12,False,2.53,366.0
SPY,736.96,2026-08-07,11,771.0,0.09,9.0,4.6,4.6,1091,11.0,5.8,7.7,531.0,4.5,4.5,419.0,0.2,0.8,-99.0,62.0,0.12,False,2.6,419.0
SPY,736.96,2026-08-07,11,772.0,0.08,8.0,4.8,4.8,776,12.0,5.6,7.3,538.0,4.1,4.1,430.0,0.0,0.6,-100.0,62.0,0.0,False,2.68,430.0
SPY,736.96,2026-08-07,11,773.0,0.07,7.0,4.9,4.9,699,14.0,4.8,6.2,556.0,2.9,3.3,458.0,0.0,0.4,-100.0,62.0,0.0,False,2.75,458.0
SPY,736.96,2026-08-07,11,774.0,0.06,6.0,5.0,5.0,837,17.0,4.4,6.2,589.0,2.9,3.3,503.0,0.0,0.2,-100.0,62.0,0.0,False,2.82,503.0
SPY,736.96,2026-08-07,11,775.0,0.06,6.0,5.2,5.2,1517,17.0,3.8,5.0,521.0,2.9,2.9,455.0,0.0,0.2,-100.0,62.0,0.0,False,2.9,455.0
SPY,736.96,2026-08-14,18,740.0,9.8,980.0,0.4,1.7,666,0.0,37.7,51.9,9.0,36.0,47.3,-5.0,13.8,17.9,-62.0,37.8,5.23,True,0.78,-5.0
SPY,736.96,2026-08-14,18,741.0,9.22,922.0,0.5,1.8,391,0.0,36.9,50.7,9.0,34.7,45.6,-6.0,13.0,17.1,-64.0,37.8,4.92,False,0.8,-6.0
SPY,736.96,2026-08-14,18,742.0,8.65,865.0,0.7,1.9,383,0.0,36.0,48.5,9.0,33.9,43.5,-6.0,12.0,16.3,-66.0,37.8,4.54,False,0.83,-6.0
SPY,736.96,2026-08-14,18,743.0,8.1,810.0,0.8,1.9,552,0.0,35.0,46.6,10.0,32.2,41.0,-5.0,11.8,15.5,-67.0,37.8,4.46,False,0.86,-5.0
SPY,736.96,2026-08-14,18,744.0,7.57,757.0,1.0,2.0,1687,0.0,34.2,45.4,10.0,30.5,39.3,-5.0,11.2,15.5,-69.0,37.8,4.23,False,0.89,-5.0
SPY,736.96,2026-08-14,18,745.0,7.06,706.0,1.1,2.0,1217,0.0,33.0,43.8,11.0,28.9,38.5,-5.0,10.6,14.7,-70.0,37.8,4.0,False,0.91,-5.0
SPY,736.96,2026-08-14,18,746.0,6.57,657.0,1.2,2.1,864,1.0,31.8,42.0,12.0,28.0,37.2,-5.0,10.4,14.1,-71.0,37.8,3.92,False,0.95,-5.0
SPY,736.96,2026-08-14,18,747.0,6.09,609.0,1.4,2.2,1344,0.0,30.3,40.9,13.0,26.8,36.8,-4.0,10.0,13.4,-72.0,37.8,3.77,False,0.98,-4.0
SPY,736.96,2026-08-14,18,748.0,5.62,562.0,1.5,2.3,920,0.0,29.9,39.5,15.0,26.4,36.0,-3.0,9.2,12.6,-73.0,37.8,3.46,False,1.01,-3.0
SPY,736.96,2026-08-14,18,749.0,5.19,519.0,1.6,2.3,1163,1.0,28.3,36.9,17.0,23.8,32.2,-2.0,7.5,11.4,-74.0,37.8,2.85,False,1.04,-2.0
SPY,736.96,2026-08-14,18,750.0,4.77,477.0,1.8,2.4,34744,0.0,27.7,34.6,19.0,23.4,29.3,-1.0,7.5,11.2,-75.0,37.8,2.85,False,1.08,-1.0
SPY,736.96,2026-08-14,18,751.0,4.38,438.0,1.9,2.5,843,1.0,26.5,33.4,22.0,22.2,28.0,-0.0,7.1,10.6,-75.0,37.8,2.69,False,1.11,-0.0
SPY,736.96,2026-08-14,18,752.0,4.0,400.0,2.0,2.6,1573,1.0,24.6,31.8,25.0,20.5,27.6,2.0,6.7,9.0,-76.0,37.8,2.54,False,1.15,2.0
SPY,736.96,2026-08-14,18,753.0,3.64,364.0,2.2,2.7,1649,1.0,23.8,30.3,28.0,19.2,25.9,4.0,6.1,8.4,-76.0,37.8,2.31,False,1.19,4.0
SPY,736.96,2026-08-14,18,754.0,3.31,331.0,2.3,2.8,1933,1.0,21.8,28.9,32.0,17.6,24.3,6.0,5.9,7.7,-77.0,37.8,2.23,False,1.23,6.0
SPY,736.96,2026-08-14,18,755.0,2.99,299.0,2.4,2.9,2223,1.0,21.0,27.7,37.0,17.2,23.0,10.0,5.5,6.3,-77.0,37.8,2.08,False,1.27,10.0
SPY,736.96,2026-08-14,18,756.0,2.7,270.0,2.6,2.9,1843,1.0,20.2,26.7,42.0,16.3,22.2,14.0,5.1,5.7,-77.0,37.8,1.92,False,1.31,14.0
SPY,736.96,2026-08-14,18,757.0,2.43,243.0,2.7,3.0,554,1.0,18.7,24.6,48.0,14.6,20.1,18.0,5.1,5.5,-77.0,37.8,1.92,False,1.35,18.0
SPY,736.96,2026-08-14,18,758.0,2.17,217.0,2.9,3.1,787,1.0,18.1,23.4,56.0,14.2,19.7,24.0,4.9,5.5,-77.0,37.8,1.85,False,1.4,24.0
SPY,736.96,2026-08-14,18,759.0,1.94,194.0,3.0,3.3,1145,1.0,17.7,23.0,64.0,13.4,19.2,30.0,4.7,5.3,-77.0,37.8,1.77,False,1.44,30.0
SPY,736.96,2026-08-14,18,760.0,1.72,172.0,3.1,3.4,20801,1.0,17.1,22.4,74.0,13.0,18.4,38.0,4.5,5.1,-76.0,37.8,1.69,False,1.49,38.0
SPY,736.96,2026-08-14,18,761.0,1.53,153.0,3.3,3.5,679,1.0,16.3,20.8,84.0,12.6,17.6,47.0,4.3,4.7,-77.0,37.8,1.62,False,1.54,47.0
SPY,736.96,2026-08-14,18,762.0,1.35,135.0,3.4,3.6,647,1.0,15.1,19.3,95.0,12.1,15.9,56.0,4.1,4.7,-77.0,37.8,1.54,False,1.59,56.0
SPY,736.96,2026-08-14,18,763.0,1.19,119.0,3.5,3.7,1066,2.0,14.1,17.9,108.0,10.9,14.6,67.0,3.7,4.3,-77.0,37.8,1.38,False,1.64,67.0
SPY,736.96,2026-08-14,18,764.0,1.04,104.0,3.7,3.8,551,1.0,13.4,16.7,124.0,10.0,13.0,79.0,3.1,3.9,-78.0,37.8,1.15,False,1.69,79.0
SPY,736.96,2026-08-14,18,765.0,0.91,91.0,3.8,3.9,1102,1.0,12.8,16.1,140.0,9.6,12.1,93.0,2.4,3.7,-79.0,37.8,0.92,False,1.74,93.0
SPY,736.96,2026-08-14,18,766.0,0.8,80.0,3.9,4.0,1251,3.0,11.8,15.3,157.0,8.8,11.3,107.0,2.4,3.3,-79.0,37.8,0.92,False,1.79,107.0
SPY,736.96,2026-08-14,18,767.0,0.69,69.0,4.1,4.2,1819,1.0,11.6,14.7,180.0,8.8,10.0,128.0,2.4,2.9,-79.0,37.8,0.92,False,1.84,128.0
SPY,736.96,2026-08-14,18,768.0,0.6,60.0,4.2,4.3,783,2.0,10.8,13.8,203.0,8.4,9.6,147.0,1.8,2.6,-80.0,37.8,0.69,False,1.9,147.0
SPY,736.96,2026-08-14,18,769.0,0.52,52.0,4.3,4.4,1510,2.0,10.6,13.2,229.0,8.4,9.2,169.0,1.4,1.6,-81.0,37.8,0.54,False,1.95,169.0
SPY,736.96,2026-08-14,18,770.0,0.45,45.0,4.5,4.5,3524,2.0,10.4,13.2,256.0,8.4,9.2,192.0,1.4,1.6,-81.0,37.8,0.54,False,2.0,192.0
SPY,736.96,2026-08-14,18,771.0,0.39,39.0,4.6,4.7,1717,3.0,9.6,12.2,285.0,7.5,8.4,216.0,1.0,1.4,-82.0,37.8,0.38,False,2.06,216.0
SPY,736.96,2026-08-14,18,772.0,0.34,34.0,4.8,4.8,2035,3.0,7.9,11.2,315.0,5.9,7.5,242.0,0.8,1.2,-82.0,37.8,0.31,False,2.11,242.0
SPY,736.96,2026-08-14,18,773.0,0.29,29.0,4.9,4.9,808,3.0,7.5,10.6,359.0,5.4,7.1,281.0,0.8,0.8,-82.0,37.8,0.31,False,2.17,281.0
SPY,736.96,2026-08-14,18,774.0,0.25,25.0,5.0,5.1,1087,4.0,7.3,10.0,403.0,5.0,6.7,320.0,0.8,0.8,-82.0,37.8,0.31,False,2.23,320.0
SPY,736.96,2026-08-14,18,775.0,0.22,22.0,5.2,5.2,2425,5.0,7.1,9.0,438.0,5.0,5.4,355.0,0.8,0.8,-84.0,37.8,0.31,False,2.28,355.0
SPY,736.96,2026-08-14,18,776.0,0.19,19.0,5.3,5.3,1834,5.0,6.5,7.7,486.0,4.6,4.6,401.0,0.6,0.8,-85.0,37.8,0.23,False,2.34,401.0
SPY,736.96,2026-08-14,18,777.0,0.17,17.0,5.4,5.5,909,6.0,6.1,6.9,518.0,4.2,4.2,433.0,0.6,0.8,-86.0,37.8,0.23,False,2.4,433.0
SPY,736.96,2026-08-14,18,778.0,0.15,15.0,5.6,5.6,692,7.0,5.9,6.5,561.0,4.2,4.2,477.0,0.4,0.4,-89.0,37.8,0.15,False,2.45,477.0
SPY,736.96,2026-08-14,18,779.0,0.13,13.0,5.7,5.7,1397,8.0,5.7,6.3,617.0,4.2,4.2,533.0,0.4,0.4,-90.0,37.8,0.15,False,2.51,533.0
SPY,736.96,2026-08-14,18,780.0,0.12,12.0,5.8,5.9,2974,8.0,5.1,5.7,631.0,3.3,3.3,555.0,0.2,0.4,-91.0,37.8,0.08,False,2.57,555.0
SPY,736.96,2026-08-14,18,781.0,0.11,11.0,6.0,6.0,646,9.0,5.1,5.5,651.0,3.3,3.3,584.0,0.2,0.2,-92.0,37.8,0.08,False,2.62,584.0
SPY,736.96,2026-08-14,18,782.0,0.1,10.0,6.1,6.1,639,10.0,5.1,5.3,676.0,3.3,3.3,619.0,0.2,0.2,-94.0,37.8,0.08,False,2.68,619.0
SPY,736.96,2026-08-14,18,783.0,0.09,9.0,6.2,6.3,250,11.0,4.9,5.3,707.0,3.3,3.3,662.0,0.2,0.2,-95.0,37.8,0.08,False,2.74,662.0
SPY,736.96,2026-08-14,18,784.0,0.08,8.0,6.4,6.4,2064,12.0,4.7,5.3,748.0,3.3,3.3,715.0,0.2,0.2,-97.0,37.8,0.08,False,2.8,715.0
SPY,736.96,2026-08-14,18,785.0,0.08,8.0,6.5,6.5,2118,12.0,4.7,4.9,690.0,3.3,3.3,674.0,0.0,0.0,-100.0,37.8,0.0,False,2.85,674.0
SPY,736.96,2026-08-21,25,743.0,9.9,990.0,0.8,2.2,2190,0.0,39.5,53.1,19.0,33.3,46.6,4.0,10.9,16.0,-67.0,27.0,2.94,False,0.82,4.0
SPY,736.96,2026-08-21,25,744.0,9.34,934.0,1.0,2.2,1163,0.0,38.3,52.5,20.0,32.1,46.2,4.0,10.7,15.6,-68.0,27.0,2.89,False,0.84,4.0
SPY,736.96,2026-08-21,25,745.0,8.79,879.0,1.1,2.3,13273,0.0,37.7,51.4,20.0,31.6,44.9,5.0,10.3,14.6,-69.0,27.0,2.78,False,0.87,5.0
SPY,736.96,2026-08-21,25,746.0,8.26,826.0,1.2,2.3,1478,0.0,36.2,49.0,21.0,30.8,42.3,5.0,10.1,14.2,-70.0,27.0,2.72,False,0.89,5.0
SPY,736.96,2026-08-21,25,747.0,7.75,775.0,1.4,2.4,2043,0.0,34.8,47.3,22.0,30.3,39.3,6.0,9.5,14.0,-71.0,27.0,2.56,False,0.91,6.0
SPY,736.96,2026-08-21,25,748.0,7.26,726.0,1.5,2.5,4850,0.0,33.3,45.9,23.0,29.1,38.5,7.0,9.3,13.4,-72.0,27.0,2.5,False,0.94,7.0
SPY,736.96,2026-08-21,25,749.0,6.79,679.0,1.6,2.6,3384,0.0,32.3,44.9,24.0,28.6,37.6,8.0,8.8,12.6,-73.0,27.0,2.39,False,0.97,8.0
SPY,736.96,2026-08-21,25,750.0,6.33,633.0,1.8,2.6,18192,0.0,31.1,42.8,25.0,26.9,36.8,9.0,8.2,11.1,-73.0,27.0,2.22,False,0.99,9.0
SPY,736.96,2026-08-21,25,751.0,5.89,589.0,1.9,2.7,3766,0.0,29.6,40.5,27.0,25.2,35.0,10.0,7.8,10.5,-73.0,27.0,2.11,False,1.02,10.0
SPY,736.96,2026-08-21,25,752.0,5.47,547.0,2.0,2.8,6780,0.0,28.2,38.5,29.0,23.9,32.1,12.0,7.2,9.9,-74.0,27.0,1.94,False,1.05,12.0
SPY,736.96,2026-08-21,25,753.0,5.07,507.0,2.2,2.9,3209,1.0,27.0,36.8,31.0,22.6,30.8,14.0,7.0,9.1,-74.0,27.0,1.89,False,1.08,14.0
SPY,736.96,2026-08-21,25,754.0,4.68,468.0,2.3,2.9,4295,0.0,25.9,35.0,34.0,21.4,29.1,17.0,6.2,8.4,-74.0,27.0,1.67,False,1.11,17.0
SPY,736.96,2026-08-21,25,755.0,4.32,432.0,2.4,3.0,10422,0.0,25.3,33.1,37.0,20.9,27.8,20.0,6.2,7.8,-74.0,27.0,1.67,False,1.15,20.0
SPY,736.96,2026-08-21,25,756.0,3.98,398.0,2.6,3.1,3590,1.0,24.3,32.3,40.0,20.1,27.4,23.0,5.8,7.4,-74.0,27.0,1.56,False,1.18,23.0
SPY,736.96,2026-08-21,25,757.0,3.65,365.0,2.7,3.2,4654,0.0,23.3,31.3,44.0,19.2,26.5,26.0,5.3,7.0,-74.0,27.0,1.44,False,1.21,26.0
SPY,736.96,2026-08-21,25,758.0,3.35,335.0,2.9,3.3,3464,1.0,22.4,30.0,49.0,17.9,25.2,31.0,5.3,7.0,-74.0,27.0,1.44,False,1.25,31.0
SPY,736.96,2026-08-21,25,759.0,3.05,305.0,3.0,3.4,3028,1.0,21.2,28.4,55.0,16.7,23.5,36.0,5.1,6.4,-74.0,27.0,1.39,False,1.28,36.0
SPY,736.96,2026-08-21,25,760.0,2.78,278.0,3.1,3.5,21371,0.0,20.2,27.6,61.0,16.2,23.1,42.0,4.9,6.4,-73.0,27.0,1.33,False,1.32,42.0
SPY,736.96,2026-08-21,25,761.0,2.53,253.0,3.3,3.6,2326,1.0,19.3,24.7,67.0,15.4,20.1,49.0,4.9,6.4,-73.0,27.0,1.33,False,1.36,49.0
SPY,736.96,2026-08-21,25,762.0,2.3,230.0,3.4,3.7,4180,1.0,18.1,22.6,74.0,15.4,19.7,56.0,4.9,6.0,-72.0,27.0,1.33,False,1.4,56.0
SPY,736.96,2026-08-21,25,763.0,2.08,208.0,3.5,3.8,3228,1.0,16.7,21.6,83.0,14.5,19.2,64.0,4.9,6.0,-72.0,27.0,1.33,False,1.44,64.0
SPY,736.96,2026-08-21,25,764.0,1.88,188.0,3.7,3.9,2720,1.0,15.4,21.2,92.0,13.2,18.8,74.0,4.5,5.8,-71.0,27.0,1.22,False,1.48,74.0
SPY,736.96,2026-08-21,25,765.0,1.7,170.0,3.8,4.0,16529,1.0,15.2,20.0,102.0,12.8,17.5,83.0,4.3,5.1,-71.0,27.0,1.17,False,1.52,83.0
SPY,736.96,2026-08-21,25,766.0,1.53,153.0,3.9,4.1,3814,1.0,14.4,18.9,114.0,12.8,16.7,95.0,3.9,4.3,-71.0,27.0,1.06,False,1.56,95.0
SPY,736.96,2026-08-21,25,767.0,1.37,137.0,4.1,4.3,3339,1.0,14.4,18.5,128.0,12.8,16.2,108.0,3.1,4.1,-71.0,27.0,0.83,False,1.6,108.0
SPY,736.96,2026-08-21,25,768.0,1.23,123.0,4.2,4.4,3710,1.0,14.2,17.7,142.0,12.8,16.2,121.0,2.9,3.7,-71.0,27.0,0.78,False,1.64,121.0
SPY,736.96,2026-08-21,25,769.0,1.1,110.0,4.3,4.5,2609,1.0,13.0,17.1,158.0,12.4,15.4,136.0,2.9,3.3,-70.0,27.0,0.78,False,1.69,136.0
SPY,736.96,2026-08-21,25,770.0,0.99,99.0,4.5,4.6,22478,1.0,12.3,16.3,172.0,12.0,14.1,149.0,2.7,2.7,-70.0,27.0,0.72,False,1.73,149.0
SPY,736.96,2026-08-21,25,771.0,0.89,89.0,4.6,4.7,4995,2.0,11.5,15.0,188.0,11.5,13.7,163.0,2.5,2.5,-69.0,27.0,0.67,False,1.78,163.0
SPY,736.96,2026-08-21,25,772.0,0.79,79.0,4.8,4.9,4005,1.0,10.9,14.2,210.0,10.7,12.8,182.0,2.5,2.5,-69.0,27.0,0.67,False,1.82,182.0
SPY,736.96,2026-08-21,25,773.0,0.71,71.0,4.9,5.0,4501,3.0,10.5,13.8,229.0,10.3,12.8,198.0,2.5,2.5,-69.0,27.0,0.67,False,1.87,198.0
SPY,736.96,2026-08-21,25,774.0,0.63,63.0,5.0,5.1,2805,2.0,10.1,13.2,254.0,9.8,12.4,219.0,2.3,2.3,-69.0,27.0,0.61,False,1.91,219.0
SPY,736.96,2026-08-21,25,775.0,0.56,56.0,5.2,5.2,32079,2.0,9.9,12.3,281.0,9.4,11.5,242.0,2.1,2.1,-69.0,27.0,0.56,False,1.96,242.0
SPY,736.96,2026-08-21,25,776.0,0.5,50.0,5.3,5.4,3469,2.0,9.3,11.7,307.0,9.0,10.3,264.0,1.9,1.9,-69.0,27.0,0.5,False,2.0,264.0
SPY,736.96,2026-08-21,25,777.0,0.45,45.0,5.4,5.5,4693,2.0,8.8,11.1,331.0,8.5,9.8,284.0,1.9,1.9,-70.0,27.0,0.5,False,2.05,284.0
SPY,736.96,2026-08-21,25,778.0,0.4,40.0,5.6,5.6,4337,3.0,8.6,10.3,362.0,8.1,8.5,310.0,1.9,1.9,-71.0,27.0,0.5,False,2.1,310.0
SPY,736.96,2026-08-21,25,779.0,0.36,36.0,5.7,5.8,2044,3.0,7.8,9.1,391.0,7.7,8.1,334.0,1.6,1.6,-73.0,27.0,0.44,False,2.14,334.0
SPY,736.96,2026-08-21,25,780.0,0.32,32.0,5.8,5.9,25414,3.0,7.2,8.8,427.0,7.7,8.1,364.0,1.6,1.6,-74.0,27.0,0.44,False,2.19,364.0
SPY,736.96,2026-08-21,25,781.0,0.29,29.0,6.0,6.0,2257,3.0,7.2,8.8,457.0,7.7,8.1,385.0,1.0,1.2,-77.0,27.0,0.28,False,2.24,385.0
SPY,736.96,2026-08-21,25,782.0,0.26,26.0,6.1,6.1,1371,4.0,6.8,8.4,494.0,7.3,7.7,412.0,1.0,1.2,-78.0,27.0,0.28,False,2.29,412.0
SPY,736.96,2026-08-21,25,783.0,0.23,23.0,6.2,6.3,1639,4.0,6.2,7.4,542.0,6.4,6.8,448.0,1.0,1.2,-80.0,27.0,0.28,False,2.33,448.0
SPY,736.96,2026-08-21,25,784.0,0.21,21.0,6.4,6.4,1483,5.0,6.2,7.4,574.0,6.4,6.8,470.0,0.8,0.8,-83.0,27.0,0.22,False,2.38,470.0
SPY,736.96,2026-08-21,25,785.0,0.19,19.0,6.5,6.5,5464,5.0,5.8,6.8,614.0,6.0,6.4,497.0,0.6,0.6,-85.0,27.0,0.17,False,2.43,497.0
SPY,736.96,2026-08-21,25,786.0,0.18,18.0,6.7,6.7,1729,6.0,5.3,6.6,622.0,5.6,6.0,498.0,0.6,0.6,-88.0,27.0,0.17,False,2.48,498.0
SPY,736.96,2026-08-21,25,787.0,0.16,16.0,6.8,6.8,1348,6.0,5.3,6.6,679.0,5.6,6.0,537.0,0.4,0.4,-89.0,27.0,0.11,False,2.53,537.0
SPY,736.96,2026-08-21,25,788.0,0.15,15.0,6.9,6.9,1360,7.0,5.3,6.6,695.0,5.6,6.0,543.0,0.4,0.4,-91.0,27.0,0.11,False,2.57,543.0
SPY,736.96,2026-08-21,25,789.0,0.14,14.0,7.1,7.1,953,7.0,5.1,6.4,715.0,5.6,5.6,549.0,0.2,0.4,-93.0,27.0,0.06,False,2.62,549.0
SPY,736.96,2026-08-21,25,790.0,0.13,13.0,7.2,7.2,18096,8.0,4.9,6.4,738.0,5.1,5.6,556.0,0.2,0.4,-94.0,27.0,0.06,False,2.67,556.0
SPY,736.96,2026-08-21,25,791.0,0.12,12.0,7.3,7.3,1264,8.0,4.9,6.0,767.0,5.1,5.6,568.0,0.2,0.4,-95.0,27.0,0.06,False,2.72,568.0
SPY,736.96,2026-08-21,25,792.0,0.11,11.0,7.5,7.5,1293,9.0,4.9,6.0,801.0,5.1,5.6,583.0,0.2,0.2,-96.0,27.0,0.06,False,2.77,583.0
SPY,736.96,2026-08-21,25,793.0,0.1,10.0,7.6,7.6,1086,10.0,4.9,6.0,841.0,5.1,5.6,600.0,0.2,0.2,-98.0,27.0,0.06,False,2.81,600.0
SPY,736.96,2026-08-21,25,794.0,0.1,10.0,7.7,7.8,844,10.0,4.9,6.0,792.0,5.1,5.6,548.0,0.0,0.0,-100.0,27.0,0.0,False,2.86,548.0
SPY,736.96,2026-08-21,25,795.0,0.09,9.0,7.9,7.9,2926,11.0,4.9,6.0,836.0,5.1,5.6,563.0,0.0,0.0,-100.0,27.0,0.0,False,2.91,563.0
SPY,736.96,2026-08-21,25,796.0,0.09,9.0,8.0,8.0,1108,11.0,4.3,5.3,784.0,4.7,5.1,507.0,0.0,0.0,-100.0,27.0,0.0,False,2.96,507.0
SPY,736.96,2026-08-21,25,797.0,0.08,8.0,8.1,8.2,1253,12.0,4.3,4.7,840.0,4.7,4.7,524.0,0.0,0.0,-100.0,27.0,0.0,False,3.01,524.0
SPY,736.96,2026-08-21,25,798.0,0.08,8.0,8.3,8.3,1301,12.0,4.1,4.5,788.0,4.3,4.3,469.0,0.0,0.0,-100.0,27.0,0.0,False,3.05,469.0
SPY,736.96,2026-08-21,25,799.0,0.07,7.0,8.4,8.4,1051,14.0,3.9,4.3,858.0,3.8,3.8,492.0,0.0,0.0,-100.0,27.0,0.0,False,3.1,492.0
SPY,736.96,2026-08-21,25,800.0,0.07,7.0,8.6,8.6,20552,14.0,3.1,4.1,809.0,3.0,3.8,442.0,0.0,0.0,-100.0,27.0,0.0,False,3.15,442.0
SPY,736.96,2026-08-21,25,805.0,0.06,6.0,9.2,9.2,10444,17.0,2.7,2.7,723.0,2.1,2.1,324.0,0.0,0.0,-100.0,27.0,0.0,False,3.39,324.0
SPY,736.96,2026-08-28,32,750.0,8.06,806.0,1.8,2.9,591,0.0,35.1,44.5,33.0,28.4,37.6,16.0,10.0,11.6,-71.0,20.9,2.09,False,0.96,16.0
SPY,736.96,2026-08-28,32,755.0,5.88,588.0,2.4,3.2,1033,1.0,31.2,39.1,46.0,24.5,32.3,28.0,7.1,8.7,-74.0,20.9,1.48,False,1.08,28.0
SPY,736.96,2026-08-28,32,757.0,5.12,512.0,2.7,3.4,313,1.0,30.1,36.6,53.0,23.6,30.1,34.0,6.7,8.3,-75.0,20.9,1.39,False,1.14,34.0
SPY,736.96,2026-08-28,32,758.0,4.77,477.0,2.9,3.5,690,1.0,29.3,36.0,56.0,23.1,29.3,38.0,6.0,7.9,-75.0,20.9,1.26,False,1.17,38.0
SPY,736.96,2026-08-28,32,760.0,4.11,411.0,3.1,3.7,720,0.0,28.3,32.4,65.0,22.7,25.8,47.0,5.8,7.5,-75.0,20.9,1.22,False,1.23,47.0
SPY,736.96,2026-08-28,32,764.0,3.0,300.0,3.7,4.1,294,1.0,23.3,26.0,86.0,19.2,21.4,70.0,5.6,6.4,-75.0,20.9,1.17,False,1.35,70.0
SPY,736.96,2026-08-28,32,765.0,2.76,276.0,3.8,4.2,486,1.0,22.7,24.9,92.0,19.2,21.4,76.0,5.4,6.4,-75.0,20.9,1.13,False,1.39,76.0
SPY,736.96,2026-08-28,32,767.0,2.33,233.0,4.1,4.4,420,1.0,21.0,23.5,106.0,17.9,20.5,91.0,5.0,5.4,-75.0,20.9,1.04,False,1.46,91.0
SPY,736.96,2026-08-28,32,768.0,2.14,214.0,4.2,4.5,5296,1.0,20.2,22.2,114.0,17.0,19.2,99.0,4.6,4.8,-76.0,20.9,0.96,False,1.49,99.0
SPY,736.96,2026-08-28,32,769.0,1.96,196.0,4.3,4.6,353,2.0,19.3,21.4,122.0,16.2,18.3,108.0,4.2,4.4,-76.0,20.9,0.87,False,1.53,108.0
SPY,736.96,2026-08-28,32,770.0,1.79,179.0,4.5,4.7,871,1.0,18.1,21.4,132.0,15.7,18.3,118.0,4.2,4.4,-77.0,20.9,0.87,False,1.57,118.0
SPY,736.96,2026-08-28,32,772.0,1.49,149.0,4.8,5.0,473,1.0,16.4,19.5,153.0,14.4,17.0,140.0,4.0,4.2,-78.0,20.9,0.83,False,1.64,140.0
SPY,736.96,2026-08-28,32,774.0,1.24,124.0,5.0,5.2,5160,2.0,14.8,18.1,176.0,13.5,16.6,164.0,2.9,3.7,-80.0,20.9,0.61,False,1.72,164.0
SPY,736.96,2026-08-28,32,775.0,1.13,113.0,5.2,5.3,538,2.0,14.6,17.5,189.0,13.5,16.2,178.0,2.3,3.3,-81.0,20.9,0.48,False,1.76,178.0
SPY,736.96,2026-08-28,32,776.0,1.03,103.0,5.3,5.4,5380,2.0,14.1,16.6,203.0,13.5,15.3,191.0,2.3,2.9,-81.0,20.9,0.48,False,1.8,191.0
SPY,736.96,2026-08-28,32,778.0,0.85,85.0,5.6,5.7,303,2.0,12.9,15.2,234.0,12.2,14.4,222.0,2.1,2.5,-82.0,20.9,0.43,False,1.87,222.0
SPY,736.96,2026-08-28,32,780.0,0.71,71.0,5.8,5.9,605,3.0,11.6,13.3,264.0,10.0,11.8,251.0,1.2,2.1,-85.0,20.9,0.26,False,1.96,251.0
SPY,736.96,2026-08-28,32,783.0,0.53,53.0,6.2,6.3,427,2.0,10.2,11.4,324.0,9.2,10.0,315.0,1.0,1.7,-87.0,20.9,0.22,False,2.08,315.0
SPY,736.96,2026-08-28,32,785.0,0.44,44.0,6.5,6.6,873,2.0,9.4,11.0,366.0,8.3,10.0,360.0,0.8,1.2,-88.0,20.9,0.17,False,2.16,360.0
SPY,736.96,2026-08-28,32,790.0,0.29,29.0,7.2,7.2,593,7.0,6.9,8.5,468.0,7.4,8.3,466.0,0.2,0.4,-91.0,20.9,0.04,False,2.37,466.0
SPY,736.96,2026-08-28,32,795.0,0.19,19.0,7.9,7.9,957,5.0,5.8,7.1,601.0,7.0,7.0,570.0,0.2,0.4,-92.0,20.9,0.04,False,2.58,570.0
SPY,736.96,2026-08-28,32,800.0,0.14,14.0,8.6,8.6,395,7.0,5.4,6.4,645.0,6.1,7.0,565.0,0.2,0.2,-96.0,20.9,0.04,False,2.79,565.0
SPY,736.96,2026-08-28,32,805.0,0.11,11.0,9.2,9.2,547,9.0,4.8,5.0,609.0,4.8,5.2,482.0,0.0,0.0,-100.0,20.9,0.0,False,3.0,482.0
SPY,736.96,2026-08-28,32,810.0,0.09,9.0,9.9,9.9,420,11.0,4.0,4.2,530.0,3.5,3.5,403.0,0.0,0.0,-100.0,20.9,0.0,False,3.21,403.0
SPY,736.96,2026-08-31,35,747.0,9.93,993.0,1.4,2.7,436,0.0,38.0,51.8,34.0,31.7,45.8,15.0,11.5,14.8,-66.0,19.2,2.2,False,0.87,15.0
SPY,736.96,2026-08-31,35,748.0,9.41,941.0,1.5,2.8,852,0.0,37.2,49.7,36.0,31.3,42.7,16.0,11.3,14.0,-67.0,19.2,2.16,False,0.89,16.0
SPY,736.96,2026-08-31,35,749.0,8.9,890.0,1.6,2.8,978,0.0,36.5,47.6,38.0,30.8,40.5,18.0,10.9,13.4,-68.0,19.2,2.08,False,0.91,18.0
SPY,736.96,2026-08-31,35,750.0,8.41,841.0,1.8,2.9,6175,0.0,35.9,46.6,39.0,29.5,39.6,19.0,10.6,13.2,-68.0,19.2,2.04,False,0.93,19.0
SPY,736.96,2026-08-31,35,751.0,7.94,794.0,1.9,3.0,845,0.0,35.1,45.3,41.0,29.1,38.8,21.0,10.0,12.5,-69.0,19.2,1.92,False,0.96,21.0
SPY,736.96,2026-08-31,35,752.0,7.48,748.0,2.0,3.1,796,0.0,34.7,44.7,44.0,28.6,38.3,23.0,9.6,11.5,-70.0,19.2,1.84,False,0.98,23.0
SPY,736.96,2026-08-31,35,753.0,7.04,704.0,2.2,3.1,876,0.0,33.2,44.1,47.0,26.9,37.9,25.0,9.0,10.2,-71.0,19.2,1.72,False,1.0,25.0
SPY,736.96,2026-08-31,35,754.0,6.62,662.0,2.3,3.2,817,1.0,32.4,43.0,49.0,26.4,37.0,28.0,8.4,9.8,-71.0,19.2,1.6,False,1.03,28.0
SPY,736.96,2026-08-31,35,755.0,6.2,620.0,2.4,3.3,2637,0.0,32.4,42.2,53.0,26.4,36.6,31.0,7.9,9.2,-72.0,19.2,1.52,False,1.05,31.0
SPY,736.96,2026-08-31,35,756.0,5.8,580.0,2.6,3.4,478,0.0,31.3,40.7,56.0,24.7,35.2,34.0,7.7,8.8,-72.0,19.2,1.48,False,1.08,34.0
SPY,736.96,2026-08-31,35,757.0,5.43,543.0,2.7,3.5,850,1.0,30.9,40.1,60.0,24.2,35.2,37.0,7.5,8.8,-73.0,19.2,1.44,False,1.11,37.0
SPY,736.96,2026-08-31,35,758.0,5.07,507.0,2.9,3.5,697,1.0,30.1,38.0,64.0,23.8,32.2,40.0,6.5,8.1,-73.0,19.2,1.24,False,1.13,40.0
SPY,736.96,2026-08-31,35,759.0,4.73,473.0,3.0,3.6,902,1.0,28.6,36.3,68.0,22.9,30.8,44.0,6.1,8.1,-73.0,19.2,1.16,False,1.16,44.0
SPY,736.96,2026-08-31,35,760.0,4.4,440.0,3.1,3.7,4590,1.0,27.8,35.1,73.0,22.0,29.1,49.0,6.1,7.3,-73.0,19.2,1.16,False,1.19,49.0
SPY,736.96,2026-08-31,35,761.0,4.09,409.0,3.3,3.8,766,1.0,27.1,33.4,78.0,20.7,26.9,53.0,5.6,7.1,-73.0,19.2,1.08,False,1.22,53.0
SPY,736.96,2026-08-31,35,762.0,3.79,379.0,3.4,3.9,1156,1.0,26.3,31.9,84.0,20.3,25.6,59.0,5.6,7.1,-73.0,19.2,1.08,False,1.25,59.0
SPY,736.96,2026-08-31,35,763.0,3.51,351.0,3.5,4.0,555,1.0,25.5,29.6,90.0,18.9,23.8,64.0,5.4,6.9,-73.0,19.2,1.04,False,1.28,64.0
SPY,736.96,2026-08-31,35,764.0,3.25,325.0,3.7,4.1,645,1.0,24.8,28.2,96.0,18.9,22.5,70.0,5.2,6.5,-73.0,19.2,1.0,False,1.31,70.0
SPY,736.96,2026-08-31,35,765.0,3.0,300.0,3.8,4.2,2687,1.0,23.2,26.9,103.0,17.6,21.6,77.0,5.0,6.5,-73.0,19.2,0.96,False,1.34,77.0
SPY,736.96,2026-08-31,35,766.0,2.77,277.0,3.9,4.3,850,1.0,22.8,26.3,110.0,17.2,21.1,85.0,4.8,6.5,-73.0,19.2,0.92,False,1.37,85.0
SPY,736.96,2026-08-31,35,767.0,2.55,255.0,4.1,4.4,1349,1.0,22.1,25.3,118.0,16.7,20.7,93.0,4.8,5.6,-72.0,19.2,0.92,False,1.41,93.0
SPY,736.96,2026-08-31,35,768.0,2.34,234.0,4.2,4.5,864,1.0,21.7,23.8,128.0,16.3,19.8,103.0,4.6,5.2,-72.0,19.2,0.88,False,1.44,103.0
SPY,736.96,2026-08-31,35,769.0,2.15,215.0,4.3,4.6,584,1.0,20.9,23.4,137.0,15.4,18.9,113.0,4.6,5.0,-72.0,19.2,0.88,False,1.47,113.0
SPY,736.96,2026-08-31,35,770.0,1.97,197.0,4.5,4.8,12506,1.0,20.7,23.4,148.0,15.4,18.9,124.0,4.4,4.8,-72.0,19.2,0.84,False,1.51,124.0
SPY,736.96,2026-08-31,35,771.0,1.81,181.0,4.6,4.9,802,1.0,20.0,22.8,158.0,15.4,18.5,134.0,3.8,4.6,-72.0,19.2,0.72,False,1.54,134.0
SPY,736.96,2026-08-31,35,772.0,1.66,166.0,4.8,5.0,464,1.0,19.6,21.5,168.0,15.4,17.2,146.0,3.3,4.2,-72.0,19.2,0.64,False,1.58,146.0
SPY,736.96,2026-08-31,35,773.0,1.52,152.0,4.9,5.1,868,1.0,18.8,20.5,180.0,15.0,17.2,159.0,3.3,4.0,-72.0,19.2,0.64,False,1.62,159.0
SPY,736.96,2026-08-31,35,774.0,1.39,139.0,5.0,5.2,1522,1.0,18.4,20.5,192.0,15.0,17.2,172.0,3.3,4.0,-72.0,19.2,0.64,False,1.65,172.0
SPY,736.96,2026-08-31,35,775.0,1.27,127.0,5.2,5.3,2526,2.0,17.3,19.8,205.0,14.5,16.7,186.0,3.1,3.8,-72.0,19.2,0.6,False,1.69,186.0
SPY,736.96,2026-08-31,35,776.0,1.16,116.0,5.3,5.5,455,2.0,16.1,18.2,218.0,14.1,15.9,200.0,3.1,3.8,-72.0,19.2,0.6,False,1.73,200.0
SPY,736.96,2026-08-31,35,777.0,1.06,106.0,5.4,5.6,307,2.0,15.9,17.5,232.0,14.1,15.9,215.0,3.1,3.8,-73.0,19.2,0.6,False,1.77,215.0
SPY,736.96,2026-08-31,35,778.0,0.96,96.0,5.6,5.7,922,1.0,14.8,17.1,250.0,13.7,15.4,233.0,2.7,3.3,-73.0,19.2,0.52,False,1.8,233.0
SPY,736.96,2026-08-31,35,779.0,0.88,88.0,5.7,5.8,1045,2.0,14.4,15.9,264.0,13.7,14.5,248.0,2.3,3.1,-74.0,19.2,0.44,False,1.84,248.0
SPY,736.96,2026-08-31,35,780.0,0.8,80.0,5.8,5.9,20780,1.0,13.2,15.7,282.0,12.3,14.1,265.0,2.1,2.9,-74.0,19.2,0.4,False,1.88,265.0
SPY,736.96,2026-08-31,35,781.0,0.73,73.0,6.0,6.1,1114,1.0,12.3,15.0,300.0,11.5,13.7,283.0,1.9,2.5,-74.0,19.2,0.36,False,1.92,283.0
SPY,736.96,2026-08-31,35,782.0,0.67,67.0,6.1,6.2,803,1.0,11.7,14.0,317.0,11.0,12.8,300.0,1.7,2.3,-75.0,19.2,0.32,False,1.96,300.0
SPY,736.96,2026-08-31,35,783.0,0.61,61.0,6.2,6.3,560,2.0,11.3,13.4,339.0,10.1,11.9,321.0,1.7,2.3,-75.0,19.2,0.32,False,2.0,321.0
SPY,736.96,2026-08-31,35,784.0,0.56,56.0,6.4,6.5,1003,2.0,10.9,12.9,358.0,9.7,11.9,341.0,1.5,2.1,-76.0,19.2,0.28,False,2.04,341.0
SPY,736.96,2026-08-31,35,785.0,0.51,51.0,6.5,6.6,1194,2.0,10.6,12.7,382.0,9.3,11.9,365.0,1.3,1.9,-77.0,19.2,0.24,False,2.08,365.0
SPY,736.96,2026-08-31,35,786.0,0.47,47.0,6.7,6.7,1243,4.0,10.0,11.5,400.0,8.8,10.6,384.0,1.0,1.3,-77.0,19.2,0.2,False,2.11,384.0
SPY,736.96,2026-08-31,35,787.0,0.43,43.0,6.8,6.8,999,2.0,9.6,10.6,423.0,8.4,9.3,409.0,1.0,1.0,-78.0,19.2,0.2,False,2.15,409.0
SPY,736.96,2026-08-31,35,788.0,0.39,39.0,6.9,7.0,380,3.0,9.0,10.0,452.0,8.4,8.8,440.0,1.0,1.0,-78.0,19.2,0.2,False,2.19,440.0
SPY,736.96,2026-08-31,35,789.0,0.36,36.0,7.1,7.1,594,3.0,8.4,9.6,474.0,7.5,8.8,462.0,1.0,1.0,-79.0,19.2,0.2,False,2.23,462.0
SPY,736.96,2026-08-31,35,790.0,0.33,33.0,7.2,7.2,4187,3.0,8.1,9.2,500.0,7.5,8.4,490.0,1.0,1.0,-80.0,19.2,0.2,False,2.27,490.0
SPY,736.96,2026-08-31,35,791.0,0.3,30.0,7.3,7.4,1897,3.0,7.7,8.8,534.0,7.5,8.4,524.0,0.8,0.8,-82.0,19.2,0.16,False,2.31,524.0
SPY,736.96,2026-08-31,35,792.0,0.28,28.0,7.5,7.5,630,4.0,7.5,8.6,552.0,7.5,8.4,542.0,0.8,0.8,-83.0,19.2,0.16,False,2.35,542.0
SPY,736.96,2026-08-31,35,795.0,0.22,22.0,7.9,7.9,1418,5.0,6.1,7.5,636.0,7.0,7.5,618.0,0.4,0.6,-87.0,19.2,0.08,False,2.47,618.0
SPY,736.96,2026-08-31,35,796.0,0.21,21.0,8.0,8.0,493,5.0,6.1,6.9,642.0,7.0,7.5,619.0,0.4,0.6,-88.0,19.2,0.08,False,2.52,619.0
SPY,736.96,2026-08-31,35,797.0,0.19,19.0,8.1,8.2,20430,5.0,6.1,6.9,689.0,7.0,7.5,657.0,0.4,0.4,-89.0,19.2,0.08,False,2.56,657.0
SPY,736.96,2026-08-31,35,799.0,0.17,17.0,8.4,8.4,394,6.0,5.4,6.5,714.0,6.6,7.0,667.0,0.2,0.2,-92.0,19.2,0.04,False,2.64,667.0
SPY,736.96,2026-08-31,35,800.0,0.16,16.0,8.6,8.6,11710,6.0,5.4,6.5,731.0,6.6,7.0,674.0,0.2,0.2,-92.0,19.2,0.04,False,2.68,674.0
SPY,736.96,2026-08-31,35,805.0,0.12,12.0,9.2,9.2,2315,8.0,4.8,5.4,800.0,5.3,6.2,694.0,0.2,0.2,-99.0,19.2,0.04,False,2.88,694.0
SPY,736.96,2026-08-31,35,810.0,0.1,10.0,9.9,9.9,5365,10.0,4.4,4.8,749.0,4.4,4.8,608.0,0.0,0.0,-100.0,19.2,0.0,False,3.08,608.0
SPY,736.96,2026-08-31,35,815.0,0.08,8.0,10.6,10.6,4590,12.0,3.3,4.0,734.0,3.5,3.5,545.0,0.0,0.0,-100.0,19.2,0.0,False,3.28,545.0
SPY,736.96,2026-08-31,35,820.0,0.07,7.0,11.3,11.3,2373,14.0,3.1,3.5,622.0,3.5,3.5,385.0,0.0,0.0,-100.0,19.2,0.0,False,3.48,385.0
SPY,736.96,2026-08-31,35,825.0,0.06,6.0,11.9,12.0,1609,17.0,2.3,3.1,521.0,2.6,3.1,201.0,0.0,0.0,-100.0,19.2,0.0,False,3.67,201.0
SPY,736.96,2026-09-04,39,778.0,1.4,140.0,5.6,5.8,431,1.0,16.8,19.1,188.0,14.3,16.5,178.0,2.9,3.4,-74.0,17.0,0.5,False,1.72,178.0
SPY,736.96,2026-09-18,53,755.0,9.7,970.0,2.4,3.8,15230,0.0,44.0,56.9,57.0,34.6,46.3,35.0,10.1,10.9,-72.0,12.3,1.24,False,0.97,35.0
SPY,736.96,2026-09-18,53,756.0,9.24,924.0,2.6,3.8,941,0.0,43.3,56.0,59.0,33.6,44.9,37.0,9.9,10.9,-73.0,12.3,1.21,False,0.99,37.0
SPY,736.96,2026-09-18,53,757.0,8.8,880.0,2.7,3.9,1088,0.0,42.3,55.2,61.0,32.2,44.4,39.0,9.9,10.7,-73.0,12.3,1.21,False,1.01,39.0
SPY,736.96,2026-09-18,53,758.0,8.38,838.0,2.9,4.0,800,1.0,41.0,53.4,62.0,31.8,43.0,40.0,9.7,10.7,-73.0,12.3,1.18,False,1.03,40.0
SPY,736.96,2026-09-18,53,759.0,7.96,796.0,3.0,4.1,623,1.0,38.6,52.1,64.0,30.4,41.6,42.0,9.2,10.3,-74.0,12.3,1.13,False,1.05,42.0
SPY,736.96,2026-09-18,53,760.0,7.57,757.0,3.1,4.2,19036,1.0,37.3,50.0,66.0,29.0,39.7,44.0,8.8,9.9,-74.0,12.3,1.08,False,1.07,44.0
SPY,736.96,2026-09-18,53,761.0,7.18,718.0,3.3,4.2,769,0.0,36.3,48.5,68.0,28.0,38.8,46.0,8.6,9.7,-74.0,12.3,1.05,False,1.09,46.0
SPY,736.96,2026-09-18,53,762.0,6.81,681.0,3.4,4.3,858,1.0,34.3,47.9,69.0,27.6,37.9,48.0,8.4,9.4,-74.0,12.3,1.03,False,1.12,48.0
SPY,736.96,2026-09-18,53,763.0,6.44,644.0,3.5,4.4,812,0.0,33.7,45.5,72.0,27.1,36.0,51.0,7.9,9.0,-74.0,12.3,0.97,False,1.14,51.0
SPY,736.96,2026-09-18,53,764.0,6.1,610.0,3.7,4.5,935,1.0,32.8,44.4,74.0,26.2,35.0,54.0,7.3,8.4,-75.0,12.3,0.89,False,1.16,54.0
SPY,736.96,2026-09-18,53,765.0,5.77,577.0,3.8,4.6,16281,1.0,30.7,42.9,76.0,24.8,33.6,56.0,7.3,8.4,-75.0,12.3,0.89,False,1.18,56.0
SPY,736.96,2026-09-18,53,766.0,5.45,545.0,3.9,4.7,792,1.0,29.2,41.2,79.0,22.4,32.7,59.0,6.4,8.2,-75.0,12.3,0.79,False,1.21,59.0
SPY,736.96,2026-09-18,53,767.0,5.14,514.0,4.1,4.8,916,1.0,27.9,40.1,81.0,22.0,32.2,63.0,6.2,7.1,-76.0,12.3,0.76,False,1.23,63.0
SPY,736.96,2026-09-18,53,768.0,4.85,485.0,4.2,4.9,839,1.0,27.0,38.0,85.0,20.6,32.2,67.0,6.0,6.4,-76.0,12.3,0.74,False,1.25,67.0
SPY,736.96,2026-09-18,53,769.0,4.56,456.0,4.3,5.0,1362,1.0,26.2,36.7,89.0,20.1,31.3,71.0,6.0,6.4,-77.0,12.3,0.74,False,1.28,71.0
SPY,736.96,2026-09-18,53,770.0,4.3,430.0,4.5,5.1,11660,0.0,25.3,35.4,92.0,19.2,29.9,75.0,5.8,6.0,-77.0,12.3,0.71,False,1.3,75.0
SPY,736.96,2026-09-18,53,771.0,4.04,404.0,4.6,5.2,737,1.0,24.0,34.1,97.0,18.7,29.0,80.0,5.6,6.0,-77.0,12.3,0.68,False,1.33,80.0
SPY,736.96,2026-09-18,53,772.0,3.8,380.0,4.8,5.3,561,1.0,23.4,32.8,101.0,18.2,27.6,86.0,5.2,6.0,-78.0,12.3,0.63,False,1.35,86.0
SPY,736.96,2026-09-18,53,773.0,3.57,357.0,4.9,5.4,755,1.0,22.5,31.1,107.0,17.3,27.1,92.0,4.9,5.6,-78.0,12.3,0.61,False,1.38,92.0
SPY,736.96,2026-09-18,53,774.0,3.35,335.0,5.0,5.5,1031,1.0,21.5,29.4,113.0,17.3,25.7,98.0,4.9,5.4,-78.0,12.3,0.61,False,1.41,98.0
SPY,736.96,2026-09-18,53,775.0,3.14,314.0,5.2,5.6,8967,1.0,21.0,28.1,119.0,16.8,24.3,106.0,4.5,4.9,-78.0,12.3,0.55,False,1.43,106.0
SPY,736.96,2026-09-18,53,776.0,2.94,294.0,5.3,5.7,1064,1.0,20.6,27.3,126.0,16.4,23.4,113.0,4.3,4.7,-79.0,12.3,0.53,False,1.46,113.0
SPY,736.96,2026-09-18,53,777.0,2.75,275.0,5.4,5.8,1801,1.0,19.7,26.0,133.0,15.4,21.5,122.0,4.1,4.5,-79.0,12.3,0.5,False,1.49,122.0
SPY,736.96,2026-09-18,53,778.0,2.57,257.0,5.6,5.9,1546,1.0,18.9,24.9,141.0,14.5,20.6,131.0,3.9,4.5,-80.0,12.3,0.47,False,1.52,131.0
SPY,736.96,2026-09-18,53,779.0,2.41,241.0,5.7,6.0,972,1.0,18.2,24.2,149.0,13.6,20.1,139.0,3.6,4.3,-80.0,12.3,0.45,False,1.55,139.0
SPY,736.96,2026-09-18,53,780.0,2.25,225.0,5.8,6.1,18613,1.0,18.0,23.6,157.0,13.6,20.1,149.0,3.4,4.3,-81.0,12.3,0.42,False,1.57,149.0
SPY,736.96,2026-09-18,53,781.0,2.1,210.0,6.0,6.3,1144,1.0,17.4,22.1,167.0,12.6,18.2,160.0,3.4,4.3,-81.0,12.3,0.42,False,1.6,160.0
SPY,736.96,2026-09-18,53,782.0,1.96,196.0,6.1,6.4,1996,1.0,17.2,21.2,176.0,12.6,18.2,171.0,3.4,4.3,-81.0,12.3,0.42,False,1.63,171.0
SPY,736.96,2026-09-18,53,783.0,1.83,183.0,6.2,6.5,1141,1.0,16.1,20.2,186.0,11.7,16.8,183.0,3.4,4.3,-82.0,12.3,0.42,False,1.66,183.0
SPY,736.96,2026-09-18,53,784.0,1.71,171.0,6.4,6.6,1330,1.0,15.2,19.3,196.0,11.7,16.4,196.0,3.4,4.1,-83.0,12.3,0.42,False,1.69,196.0
SPY,736.96,2026-09-18,53,785.0,1.59,159.0,6.5,6.7,18107,1.0,14.8,18.5,208.0,11.7,15.9,211.0,3.2,3.6,-84.0,12.3,0.39,False,1.72,208.0
SPY,736.96,2026-09-18,53,786.0,1.49,149.0,6.7,6.9,779,1.0,14.8,18.0,218.0,11.7,15.0,224.0,2.8,3.6,-85.0,12.3,0.34,False,1.75,218.0
SPY,736.96,2026-09-18,53,787.0,1.39,139.0,6.8,7.0,799,1.0,14.6,17.0,231.0,11.2,14.0,238.0,2.4,2.4,-86.0,12.3,0.29,False,1.78,231.0
SPY,736.96,2026-09-18,53,788.0,1.29,129.0,6.9,7.1,1050,2.0,14.4,16.3,245.0,10.7,13.6,256.0,2.1,2.4,-87.0,12.3,0.26,False,1.81,245.0
SPY,736.96,2026-09-18,53,789.0,1.2,120.0,7.1,7.2,2593,1.0,13.7,15.9,259.0,10.3,12.6,273.0,1.7,1.9,-88.0,12.3,0.21,False,1.84,259.0
SPY,736.96,2026-09-18,53,790.0,1.12,112.0,7.2,7.3,11865,2.0,13.5,15.5,271.0,10.3,12.1,290.0,1.3,1.5,-89.0,12.3,0.16,False,1.87,271.0
SPY,736.96,2026-09-18,53,791.0,1.05,105.0,7.3,7.5,771,2.0,12.9,14.8,283.0,10.3,12.1,307.0,1.3,1.5,-90.0,12.3,0.16,False,1.9,283.0
SPY,736.96,2026-09-18,53,792.0,0.97,97.0,7.5,7.6,652,1.0,12.2,13.9,301.0,9.8,12.1,329.0,1.3,1.5,-90.0,12.3,0.16,False,1.93,301.0
SPY,736.96,2026-09-18,53,793.0,0.91,91.0,7.6,7.7,2925,2.0,12.0,13.5,313.0,9.8,12.1,347.0,1.1,1.5,-91.0,12.3,0.13,False,1.96,313.0
SPY,736.96,2026-09-18,53,794.0,0.85,85.0,7.7,7.9,1066,2.0,11.8,13.3,328.0,9.8,12.1,367.0,1.1,1.3,-92.0,12.3,0.13,False,1.99,328.0
SPY,736.96,2026-09-18,53,795.0,0.79,79.0,7.9,8.0,10033,3.0,11.2,12.7,346.0,9.8,11.7,390.0,0.9,1.3,-93.0,12.3,0.11,False,2.03,346.0
SPY,736.96,2026-09-18,53,796.0,0.74,74.0,8.0,8.1,1823,3.0,10.9,12.4,361.0,9.8,11.7,410.0,0.9,1.3,-93.0,12.3,0.11,False,2.06,361.0
SPY,736.96,2026-09-18,53,797.0,0.69,69.0,8.1,8.2,802,3.0,10.9,12.0,378.0,9.8,11.7,432.0,0.6,1.3,-94.0,12.3,0.08,False,2.09,378.0
SPY,736.96,2026-09-18,53,798.0,0.64,64.0,8.3,8.4,929,2.0,10.9,11.8,398.0,9.8,11.2,459.0,0.6,1.3,-95.0,12.3,0.08,False,2.12,398.0
SPY,736.96,2026-09-18,53,799.0,0.6,60.0,8.4,8.5,1553,2.0,10.7,11.6,413.0,9.8,11.2,480.0,0.4,1.1,-96.0,12.3,0.05,False,2.15,413.0
SPY,736.96,2026-09-18,53,800.0,0.56,56.0,8.6,8.6,21917,2.0,10.1,10.9,431.0,9.8,10.7,503.0,0.4,1.1,-96.0,12.3,0.05,False,2.18,431.0
SPY,736.96,2026-09-18,53,801.0,0.52,52.0,8.7,8.8,1254,2.0,10.1,10.7,452.0,9.8,10.7,531.0,0.2,1.1,-97.0,12.3,0.03,False,2.22,452.0
SPY,736.96,2026-09-18,53,803.0,0.46,46.0,9.0,9.0,1255,2.0,9.9,10.7,480.0,9.8,10.7,571.0,0.2,0.4,-97.0,12.3,0.03,False,2.28,480.0
SPY,736.96,2026-09-18,53,805.0,0.4,40.0,9.2,9.3,3780,3.0,9.7,10.7,518.0,9.8,10.7,622.0,0.2,0.2,-98.0,12.3,0.03,False,2.34,518.0
SPY,736.96,2026-09-18,53,806.0,0.38,38.0,9.4,9.4,277,3.0,9.7,10.5,525.0,9.8,10.3,634.0,0.2,0.2,-98.0,12.3,0.03,False,2.37,525.0
SPY,736.96,2026-09-18,53,810.0,0.3,30.0,9.9,10.0,5454,3.0,8.2,9.0,572.0,9.8,10.3,699.0,0.0,0.2,-100.0,12.3,0.0,False,2.5,572.0
SPY,736.96,2026-09-18,53,811.0,0.28,28.0,10.0,10.1,309,4.0,7.9,9.0,591.0,9.8,10.3,721.0,0.0,0.0,-100.0,12.3,0.0,False,2.53,591.0
SPY,736.96,2026-09-18,53,812.0,0.26,26.0,10.2,10.2,617,4.0,7.5,8.6,614.0,8.9,9.3,747.0,0.0,0.0,-100.0,12.3,0.0,False,2.57,614.0
SPY,736.96,2026-09-18,53,814.0,0.24,24.0,10.5,10.5,532,4.0,6.9,8.2,612.0,7.9,8.9,746.0,0.0,0.0,-100.0,12.3,0.0,False,2.63,612.0
SPY,736.96,2026-09-18,53,815.0,0.23,23.0,10.6,10.6,10432,4.0,6.4,7.5,613.0,7.9,8.9,748.0,0.0,0.0,-100.0,12.3,0.0,False,2.66,613.0
SPY,736.96,2026-09-18,53,820.0,0.18,18.0,11.3,11.3,5227,6.0,5.8,6.0,641.0,7.5,7.9,769.0,0.0,0.0,-100.0,12.3,0.0,False,2.82,641.0
SPY,736.96,2026-09-18,53,822.0,0.17,17.0,11.5,11.6,362,6.0,5.6,6.0,617.0,7.0,7.9,735.0,0.0,0.0,-100.0,12.3,0.0,False,2.89,617.0
SPY,736.96,2026-09-18,53,824.0,0.15,15.0,11.8,11.8,326,7.0,4.9,5.4,644.0,6.1,6.5,760.0,0.0,0.0,-100.0,12.3,0.0,False,2.95,644.0
SPY,736.96,2026-09-18,53,825.0,0.15,15.0,11.9,12.0,6067,7.0,4.9,5.4,611.0,6.1,6.5,719.0,0.0,0.0,-100.0,12.3,0.0,False,2.98,611.0
SPY,736.96,2026-09-18,53,830.0,0.12,12.0,12.6,12.6,2236,8.0,4.1,4.5,600.0,5.1,5.6,682.0,0.0,0.0,-100.0,12.3,0.0,False,3.14,600.0
SPY,736.96,2026-09-18,53,835.0,0.11,11.0,13.3,13.3,4298,9.0,3.4,4.3,492.0,4.2,5.6,543.0,0.0,0.0,-100.0,12.3,0.0,False,3.3,492.0
SPY,736.96,2026-09-18,53,840.0,0.09,9.0,14.0,14.0,4363,11.0,3.4,3.9,433.0,4.2,5.1,452.0,0.0,0.0,-100.0,12.3,0.0,False,3.46,433.0
SPY,736.96,2026-09-18,53,845.0,0.08,8.0,14.7,14.7,5384,12.0,2.8,3.0,300.0,3.7,3.7,264.0,0.0,0.0,-100.0,12.3,0.0,False,3.61,264.0
SPY,736.96,2026-09-18,53,850.0,0.07,7.0,15.3,15.3,6385,14.0,1.7,1.9,207.0,1.9,2.3,123.0,0.0,0.0,-100.0,12.3,0.0,False,3.77,123.0
SPY,736.96,2026-09-18,53,855.0,0.07,7.0,16.0,16.0,2981,14.0,1.3,1.3,113.0,0.9,0.9,52.0,0.0,0.0,-100.0,12.3,0.0,False,3.92,52.0
SPY,736.96,2026-09-18,53,860.0,0.06,6.0,16.7,16.7,4851,17.0,0.9,1.3,56.0,0.9,0.9,-1.0,0.0,0.0,-100.0,12.3,0.0,False,4.08,-1.0
QQQ,678.44,2026-08-03,7,690.0,5.73,573.0,1.7,2.5,414,1.0,18.8,23.4,-33.0,17.4,21.1,-43.0,15.8,19.2,-49.0,99.8,15.8,True,0.84,-43.0
QQQ,678.44,2026-08-03,7,695.0,3.96,396.0,2.4,3.0,463,1.0,15.6,18.0,-35.0,14.6,17.4,-50.0,12.4,14.2,-52.0,99.8,12.4,True,0.99,-50.0
QQQ,678.44,2026-08-03,7,700.0,2.58,258.0,3.2,3.6,446,2.0,11.8,13.2,-34.0,10.9,13.0,-54.0,9.0,10.2,-52.0,99.8,9.0,True,1.17,-54.0
QQQ,678.44,2026-08-03,7,705.0,1.56,156.0,3.9,4.1,1544,3.0,8.6,9.6,-29.0,7.3,8.9,-60.0,6.8,7.8,-51.0,99.8,6.8,True,1.36,-60.0
QQQ,678.44,2026-08-03,7,710.0,0.87,87.0,4.7,4.8,1058,2.0,6.6,7.4,-20.0,4.9,6.5,-68.0,4.8,5.0,-49.0,99.8,4.8,False,1.56,-68.0
QQQ,678.44,2026-08-03,7,712.0,0.68,68.0,4.9,5.0,527,3.0,5.8,6.4,-17.0,3.2,4.5,-74.0,4.0,4.2,-49.0,99.8,4.0,False,1.64,-74.0
QQQ,678.44,2026-08-03,7,715.0,0.47,47.0,5.4,5.5,389,4.0,4.6,4.8,-14.0,2.0,2.4,-81.0,3.0,3.2,-50.0,99.8,3.0,False,1.77,-81.0
QQQ,678.44,2026-08-03,7,720.0,0.25,25.0,6.1,6.2,559,4.0,2.8,3.0,-13.0,0.8,1.2,-92.0,1.6,1.8,-54.0,99.8,1.6,False,2.0,-92.0
QQQ,678.44,2026-08-03,7,722.0,0.2,20.0,6.4,6.5,446,10.0,2.0,2.2,-17.0,0.4,0.8,-95.0,1.2,1.4,-57.0,99.8,1.2,False,2.09,-95.0
QQQ,678.44,2026-08-03,7,725.0,0.15,15.0,6.9,6.9,818,20.0,1.4,1.6,-27.0,0.0,0.4,-100.0,0.6,0.8,-61.0,99.8,0.6,False,2.22,-100.0
QQQ,678.44,2026-08-03,7,730.0,0.1,10.0,7.6,7.6,5888,20.0,0.6,0.8,-41.0,0.0,0.0,-100.0,0.4,0.8,-67.0,99.8,0.4,False,2.45,-100.0
QQQ,678.44,2026-08-03,7,735.0,0.08,8.0,8.3,8.3,410,25.0,0.4,0.8,-58.0,0.0,0.0,-100.0,0.2,0.8,-84.0,99.8,0.2,False,2.68,-100.0
QQQ,678.44,2026-08-03,7,740.0,0.06,6.0,9.1,9.1,408,50.0,0.2,0.8,-77.0,0.0,0.0,-100.0,0.2,0.6,-95.0,99.8,0.2,False,2.9,-100.0
QQQ,678.44,2026-08-04,8,700.0,3.14,314.0,3.2,3.6,490,2.0,12.9,15.1,-29.0,12.6,15.4,-41.0,10.0,11.4,-49.0,83.0,8.33,True,1.09,-41.0
QQQ,678.44,2026-08-04,8,705.0,2.0,200.0,3.9,4.2,835,2.0,10.2,11.4,-23.0,9.3,10.6,-42.0,8.8,9.4,-46.0,83.0,7.33,True,1.26,-42.0
QQQ,678.44,2026-08-04,8,710.0,1.18,118.0,4.7,4.8,260,2.0,8.8,9.4,-12.0,7.7,8.9,-40.0,6.8,7.4,-46.0,83.0,5.67,True,1.44,-40.0
QQQ,678.44,2026-08-04,8,715.0,0.66,66.0,5.4,5.5,528,3.0,6.6,7.2,-6.0,5.3,6.1,-45.0,4.4,4.6,-48.0,83.0,3.67,False,1.63,-45.0
QQQ,678.44,2026-08-04,8,720.0,0.37,37.0,6.1,6.2,611,8.0,4.4,4.6,-8.0,2.4,2.8,-51.0,2.0,2.4,-55.0,83.0,1.67,False,1.83,-51.0
QQQ,678.44,2026-08-04,8,725.0,0.21,21.0,6.9,6.9,263,10.0,2.0,2.4,-18.0,0.8,1.2,-59.0,1.4,1.6,-59.0,83.0,1.17,False,2.03,-59.0
QQQ,678.44,2026-08-04,8,735.0,0.09,9.0,8.3,8.4,319,22.0,0.6,1.2,-63.0,0.4,0.4,-93.0,0.2,0.8,-91.0,83.0,0.17,False,2.44,-93.0
QQQ,678.44,2026-08-04,8,741.0,0.07,7.0,9.2,9.2,309,43.0,0.2,0.8,-89.0,0.0,0.0,-100.0,0.0,0.6,-100.0,83.0,0.0,False,2.69,-100.0
QQQ,678.44,2026-08-04,8,742.0,0.07,7.0,9.4,9.4,327,43.0,0.2,0.8,-92.0,0.0,0.0,-100.0,0.0,0.6,-100.0,83.0,0.0,False,2.73,-100.0
QQQ,678.44,2026-08-05,9,698.0,4.29,429.0,2.9,3.5,365,2.0,13.7,16.5,-40.0,13.4,17.1,-49.0,10.8,12.0,-56.0,83.0,9.0,True,1.05,-49.0
QQQ,678.44,2026-08-05,9,700.0,3.7,370.0,3.2,3.7,562,2.0,12.7,14.9,-40.0,12.2,15.0,-50.0,9.8,11.0,-56.0,83.0,8.17,True,1.11,-50.0
QQQ,678.44,2026-08-05,9,710.0,1.54,154.0,4.7,4.9,448,3.0,8.4,9.0,-33.0,6.9,8.1,-54.0,6.4,7.2,-58.0,83.0,5.33,True,1.45,-54.0
QQQ,678.44,2026-08-05,9,715.0,0.9,90.0,5.4,5.5,613,3.0,6.6,7.2,-31.0,5.3,6.1,-60.0,4.4,4.6,-62.0,83.0,3.67,False,1.64,-60.0
QQQ,678.44,2026-08-05,9,720.0,0.51,51.0,6.1,6.2,279,4.0,4.4,4.4,-33.0,2.4,2.4,-65.0,2.0,2.4,-67.0,83.0,1.67,False,1.83,-65.0
QQQ,678.44,2026-08-05,9,722.0,0.41,41.0,6.4,6.5,384,7.0,3.2,3.4,-37.0,2.0,2.0,-67.0,1.6,2.0,-68.0,83.0,1.33,False,1.91,-67.0
QQQ,678.44,2026-08-05,9,725.0,0.3,30.0,6.9,6.9,293,10.0,2.0,2.4,-43.0,0.8,1.2,-71.0,1.4,1.6,-71.0,83.0,1.17,False,2.03,-71.0
QQQ,678.44,2026-08-05,9,735.0,0.12,12.0,8.3,8.4,415,17.0,0.6,1.2,-72.0,0.4,0.4,-95.0,0.2,0.8,-93.0,83.0,0.17,False,2.44,-95.0
QQQ,678.44,2026-08-06,10,695.0,5.83,583.0,2.4,3.3,266,1.0,17.7,20.9,-34.0,17.6,20.8,-39.0,12.7,16.5,-53.0,71.0,9.0,True,0.92,-39.0
QQQ,678.44,2026-08-06,10,700.0,4.2,420.0,3.2,3.8,506,2.0,13.5,16.9,-35.0,13.5,17.1,-41.0,11.3,12.7,-54.0,71.0,8.0,True,1.05,-41.0
QQQ,678.44,2026-08-06,10,705.0,2.88,288.0,3.9,4.3,324,2.0,11.5,12.7,-33.0,11.0,11.8,-41.0,9.3,10.5,-54.0,71.0,6.57,True,1.2,-41.0
QQQ,678.44,2026-08-06,10,710.0,1.87,187.0,4.7,4.9,372,2.0,9.3,10.5,-28.0,8.2,9.8,-40.0,7.2,8.2,-55.0,71.0,5.14,True,1.36,-40.0
QQQ,678.44,2026-08-06,10,711.0,1.71,171.0,4.8,5.1,756,3.0,9.3,10.3,-27.0,8.2,9.4,-40.0,6.6,7.8,-55.0,71.0,4.71,False,1.39,-40.0
QQQ,678.44,2026-08-06,10,715.0,1.15,115.0,5.4,5.6,322,3.0,7.4,8.5,-24.0,7.3,8.2,-39.0,5.2,6.2,-56.0,71.0,3.71,False,1.53,-39.0
QQQ,678.44,2026-08-06,10,720.0,0.68,68.0,6.1,6.2,263,3.0,5.4,6.0,-22.0,3.7,4.1,-41.0,3.4,4.2,-61.0,71.0,2.43,False,1.7,-41.0
QQQ,678.44,2026-08-06,10,725.0,0.4,40.0,6.9,6.9,269,8.0,3.4,4.2,-28.0,2.9,3.3,-44.0,2.0,2.4,-70.0,71.0,1.43,False,1.89,-44.0
QQQ,678.44,2026-08-07,11,690.0,8.56,856.0,1.7,3.0,1212,1.0,21.6,29.0,-31.0,20.5,27.5,-34.0,15.7,21.6,-50.0,62.0,9.75,True,0.77,-34.0
QQQ,678.44,2026-08-07,11,692.0,7.71,771.0,2.0,3.1,444,1.0,20.2,27.2,-33.0,20.1,26.6,-35.0,14.5,19.6,-52.0,62.0,9.0,True,0.81,-35.0
QQQ,678.44,2026-08-07,11,694.0,6.91,691.0,2.3,3.3,549,1.0,18.1,24.2,-34.0,18.0,24.6,-36.0,13.9,18.1,-54.0,62.0,8.62,True,0.86,-36.0
QQQ,678.44,2026-08-07,11,695.0,6.53,653.0,2.4,3.4,676,1.0,17.5,23.4,-35.0,17.6,24.2,-37.0,13.7,17.5,-54.0,62.0,8.5,True,0.88,-37.0
QQQ,678.44,2026-08-07,11,696.0,6.16,616.0,2.6,3.5,1573,1.0,16.9,22.0,-35.0,17.2,23.8,-37.0,13.3,16.5,-54.0,62.0,8.25,True,0.91,-37.0
QQQ,678.44,2026-08-07,11,697.0,5.8,580.0,2.7,3.6,2104,1.0,16.3,21.4,-36.0,16.8,23.0,-38.0,12.7,15.7,-55.0,62.0,7.88,True,0.93,-38.0
QQQ,678.44,2026-08-07,11,698.0,5.46,546.0,2.9,3.7,428,1.0,15.7,20.6,-36.0,16.8,22.5,-38.0,12.5,15.1,-55.0,62.0,7.75,True,0.96,-38.0
QQQ,678.44,2026-08-07,11,699.0,5.13,513.0,3.0,3.8,499,1.0,14.7,19.2,-36.0,15.2,19.7,-38.0,12.5,14.5,-55.0,62.0,7.75,True,0.98,-38.0
QQQ,678.44,2026-08-07,11,700.0,4.81,481.0,3.2,3.9,2493,1.0,14.5,18.1,-36.0,14.8,18.9,-38.0,11.3,13.7,-55.0,62.0,7.0,True,1.01,-38.0
QQQ,678.44,2026-08-07,11,701.0,4.51,451.0,3.3,4.0,428,1.0,14.1,16.5,-36.0,14.8,16.8,-38.0,10.9,13.3,-55.0,62.0,6.75,True,1.03,-38.0
QQQ,678.44,2026-08-07,11,702.0,4.22,422.0,3.5,4.1,269,1.0,13.9,16.5,-36.0,14.3,16.8,-38.0,10.1,12.3,-56.0,62.0,6.25,True,1.06,-38.0
QQQ,678.44,2026-08-07,11,703.0,3.94,394.0,3.6,4.2,373,1.0,13.5,15.9,-36.0,13.9,16.0,-37.0,10.1,12.1,-56.0,62.0,6.25,True,1.09,-37.0
QQQ,678.44,2026-08-07,11,705.0,3.42,342.0,3.9,4.4,837,1.0,12.5,14.5,-35.0,12.3,14.8,-37.0,8.9,11.9,-56.0,62.0,5.5,True,1.14,-37.0
QQQ,678.44,2026-08-07,11,706.0,3.17,317.0,4.1,4.5,699,1.0,12.5,14.1,-34.0,12.3,14.3,-37.0,8.5,11.5,-56.0,62.0,5.25,True,1.17,-37.0
QQQ,678.44,2026-08-07,11,707.0,2.94,294.0,4.2,4.6,2990,1.0,11.1,12.9,-33.0,10.2,12.7,-37.0,8.3,11.1,-56.0,62.0,5.12,True,1.2,-37.0
QQQ,678.44,2026-08-07,11,708.0,2.72,272.0,4.4,4.8,447,1.0,10.9,12.5,-33.0,10.2,12.3,-36.0,7.9,10.5,-56.0,62.0,4.88,False,1.23,-36.0
QQQ,678.44,2026-08-07,11,709.0,2.52,252.0,4.5,4.9,427,2.0,10.1,12.1,-32.0,9.4,11.5,-36.0,7.1,9.7,-56.0,62.0,4.38,False,1.26,-36.0
QQQ,678.44,2026-08-07,11,710.0,2.32,232.0,4.7,5.0,2544,2.0,10.1,12.1,-32.0,9.4,11.5,-36.0,7.1,9.1,-56.0,62.0,4.38,False,1.29,-36.0
QQQ,678.44,2026-08-07,11,712.0,1.97,197.0,4.9,5.2,1140,2.0,8.7,11.5,-30.0,9.4,10.7,-34.0,6.2,8.7,-56.0,62.0,3.88,False,1.35,-34.0
QQQ,678.44,2026-08-07,11,713.0,1.8,180.0,5.1,5.4,389,2.0,8.5,11.1,-29.0,9.0,10.2,-33.0,6.0,8.1,-55.0,62.0,3.75,False,1.38,-33.0
QQQ,678.44,2026-08-07,11,714.0,1.65,165.0,5.2,5.5,377,2.0,8.3,10.3,-28.0,9.0,10.2,-33.0,6.0,7.9,-55.0,62.0,3.75,False,1.41,-33.0
QQQ,678.44,2026-08-07,11,715.0,1.51,151.0,5.4,5.6,2622,2.0,7.5,9.7,-27.0,7.4,9.0,-33.0,5.8,7.5,-55.0,62.0,3.62,False,1.44,-33.0
QQQ,678.44,2026-08-07,11,716.0,1.37,137.0,5.5,5.7,285,1.0,7.1,9.1,-26.0,6.6,7.8,-32.0,5.4,7.1,-55.0,62.0,3.38,False,1.47,-32.0
QQQ,678.44,2026-08-07,11,718.0,1.14,114.0,5.8,6.0,338,3.0,6.7,8.5,-23.0,5.7,7.4,-31.0,5.0,6.9,-56.0,62.0,3.12,False,1.54,-31.0
QQQ,678.44,2026-08-07,11,719.0,1.04,104.0,6.0,6.1,452,3.0,6.0,7.9,-23.0,5.3,6.6,-30.0,4.2,5.6,-57.0,62.0,2.62,False,1.57,-30.0
QQQ,678.44,2026-08-07,11,720.0,0.94,94.0,6.1,6.3,3850,2.0,6.0,7.7,-21.0,5.3,6.6,-28.0,3.4,4.8,-57.0,62.0,2.12,False,1.6,-28.0
QQQ,678.44,2026-08-07,11,721.0,0.85,85.0,6.3,6.4,282,2.0,5.8,7.3,-20.0,5.3,6.1,-27.0,3.0,4.2,-57.0,62.0,1.88,False,1.64,-27.0
QQQ,678.44,2026-08-07,11,722.0,0.77,77.0,6.4,6.5,378,3.0,5.6,7.1,-19.0,4.9,5.7,-26.0,3.0,4.2,-57.0,62.0,1.88,False,1.67,-26.0
QQQ,678.44,2026-08-07,11,723.0,0.7,70.0,6.6,6.7,699,3.0,5.4,7.1,-19.0,4.9,5.7,-26.0,3.0,4.0,-57.0,62.0,1.88,False,1.7,-26.0
QQQ,678.44,2026-08-07,11,724.0,0.63,63.0,6.7,6.8,314,3.0,5.2,7.1,-19.0,4.5,5.7,-26.0,2.8,3.4,-57.0,62.0,1.75,False,1.74,-26.0
QQQ,678.44,2026-08-07,11,725.0,0.57,57.0,6.9,6.9,2402,4.0,4.6,6.0,-19.0,4.5,5.3,-26.0,2.6,3.2,-58.0,62.0,1.62,False,1.77,-26.0
QQQ,678.44,2026-08-07,11,726.0,0.51,51.0,7.0,7.1,402,4.0,3.6,4.6,-19.0,3.7,4.1,-26.0,2.6,3.2,-58.0,62.0,1.62,False,1.81,-26.0
QQQ,678.44,2026-08-07,11,727.0,0.47,47.0,7.2,7.2,274,6.0,3.0,4.2,-20.0,3.3,3.7,-27.0,2.2,2.8,-60.0,62.0,1.38,False,1.84,-27.0
QQQ,678.44,2026-08-07,11,728.0,0.43,43.0,7.3,7.4,399,7.0,3.0,4.0,-20.0,3.3,3.3,-28.0,2.0,2.6,-61.0,62.0,1.25,False,1.88,-28.0
QQQ,678.44,2026-08-07,11,729.0,0.38,38.0,7.5,7.5,361,5.0,3.0,3.8,-17.0,3.3,3.3,-28.0,1.8,2.4,-61.0,62.0,1.12,False,1.91,-28.0
QQQ,678.44,2026-08-07,11,730.0,0.35,35.0,7.6,7.7,3927,6.0,2.8,3.4,-19.0,2.9,2.9,-31.0,1.6,2.2,-62.0,62.0,1.0,False,1.95,-31.0
QQQ,678.44,2026-08-07,11,731.0,0.32,32.0,7.7,7.8,621,9.0,2.8,3.4,-20.0,2.9,2.9,-33.0,1.6,2.2,-64.0,62.0,1.0,False,1.98,-33.0
QQQ,678.44,2026-08-07,11,732.0,0.29,29.0,7.9,7.9,3508,10.0,2.6,3.2,-21.0,2.5,2.5,-35.0,1.4,2.0,-66.0,62.0,0.87,False,2.02,-35.0
QQQ,678.44,2026-08-07,11,733.0,0.26,26.0,8.0,8.1,479,8.0,2.2,2.8,-22.0,2.5,2.5,-37.0,1.0,1.6,-67.0,62.0,0.62,False,2.05,-37.0
QQQ,678.44,2026-08-07,11,734.0,0.24,24.0,8.2,8.2,383,8.0,2.0,2.6,-25.0,2.0,2.0,-42.0,1.0,1.6,-68.0,62.0,0.62,False,2.09,-42.0
QQQ,678.44,2026-08-07,11,735.0,0.22,22.0,8.3,8.4,6703,9.0,1.8,2.4,-27.0,2.0,2.0,-46.0,1.0,1.6,-70.0,62.0,0.62,False,2.12,-46.0
QQQ,678.44,2026-08-07,11,736.0,0.2,20.0,8.5,8.5,268,10.0,1.6,2.2,-28.0,1.6,1.6,-51.0,0.8,1.4,-72.0,62.0,0.5,False,2.16,-51.0
QQQ,678.44,2026-08-07,11,737.0,0.19,19.0,8.6,8.7,361,16.0,1.6,2.2,-33.0,1.6,1.6,-57.0,0.8,1.4,-75.0,62.0,0.5,False,2.19,-57.0
QQQ,678.44,2026-08-07,11,738.0,0.18,18.0,8.8,8.8,280,17.0,1.6,2.2,-38.0,1.6,1.6,-63.0,0.8,1.4,-78.0,62.0,0.5,False,2.23,-63.0
QQQ,678.44,2026-08-07,11,739.0,0.16,16.0,8.9,8.9,410,12.0,1.4,2.0,-40.0,1.2,1.2,-67.0,0.8,1.4,-80.0,62.0,0.5,False,2.26,-67.0
QQQ,678.44,2026-08-07,11,740.0,0.15,15.0,9.1,9.1,1909,7.0,1.0,1.6,-43.0,0.8,0.8,-71.0,0.6,1.2,-83.0,62.0,0.38,False,2.3,-71.0
QQQ,678.44,2026-08-07,11,743.0,0.13,13.0,9.5,9.5,369,23.0,0.8,1.4,-57.0,0.4,0.4,-85.0,0.4,0.8,-92.0,62.0,0.25,False,2.4,-85.0
QQQ,678.44,2026-08-07,11,744.0,0.12,12.0,9.7,9.7,372,25.0,0.8,1.4,-60.0,0.4,0.4,-87.0,0.2,0.4,-94.0,62.0,0.12,False,2.44,-87.0
QQQ,678.44,2026-08-07,11,745.0,0.11,11.0,9.8,9.8,2392,18.0,0.8,1.4,-64.0,0.4,0.4,-89.0,0.2,0.4,-96.0,62.0,0.12,False,2.47,-89.0
QQQ,678.44,2026-08-07,11,746.0,0.11,11.0,10.0,10.0,692,27.0,0.8,1.4,-71.0,0.4,0.4,-93.0,0.2,0.4,-98.0,62.0,0.12,False,2.51,-93.0
QQQ,678.44,2026-08-07,11,747.0,0.1,10.0,10.1,10.1,661,20.0,0.6,1.0,-75.0,0.4,0.4,-96.0,0.2,0.4,-99.0,62.0,0.12,False,2.54,-96.0
QQQ,678.44,2026-08-07,11,748.0,0.09,9.0,10.3,10.3,734,22.0,0.4,0.6,-79.0,0.0,0.0,-100.0,0.0,0.2,-100.0,62.0,0.0,False,2.58,-100.0
QQQ,678.44,2026-08-07,11,749.0,0.09,9.0,10.4,10.4,448,22.0,0.4,0.6,-83.0,0.0,0.0,-100.0,0.0,0.2,-100.0,62.0,0.0,False,2.61,-100.0
QQQ,678.44,2026-08-07,11,750.0,0.09,9.0,10.5,10.6,2328,33.0,0.4,0.6,-88.0,0.0,0.0,-100.0,0.0,0.2,-100.0,62.0,0.0,False,2.65,-100.0
QQQ,678.44,2026-08-07,11,751.0,0.09,9.0,10.7,10.7,354,33.0,0.2,0.4,-92.0,0.0,0.0,-100.0,0.0,0.2,-100.0,62.0,0.0,False,2.68,-100.0
QQQ,678.44,2026-08-07,11,752.0,0.08,8.0,10.8,10.9,298,25.0,0.2,0.4,-94.0,0.0,0.0,-100.0,0.0,0.2,-100.0,62.0,0.0,False,2.72,-100.0
QQQ,678.44,2026-08-07,11,753.0,0.08,8.0,11.0,11.0,360,38.0,0.2,0.4,-96.0,0.0,0.0,-100.0,0.0,0.2,-100.0,62.0,0.0,False,2.75,-100.0
QQQ,678.44,2026-08-07,11,755.0,0.08,8.0,11.3,11.3,829,38.0,0.0,0.2,-100.0,0.0,0.0,-100.0,0.0,0.2,-100.0,62.0,0.0,False,2.82,-100.0
QQQ,678.44,2026-08-07,11,757.0,0.07,7.0,11.6,11.6,315,43.0,0.0,0.2,-100.0,0.0,0.0,-100.0,0.0,0.0,-100.0,62.0,0.0,False,2.89,-100.0
QQQ,678.44,2026-08-07,11,759.0,0.07,7.0,11.9,11.9,386,43.0,0.0,0.2,-100.0,0.0,0.0,-100.0,0.0,0.0,-100.0,62.0,0.0,False,2.96,-100.0
QQQ,678.44,2026-08-07,11,760.0,0.06,6.0,12.0,12.0,3339,33.0,0.0,0.0,-100.0,0.0,0.0,-100.0,0.0,0.0,-100.0,62.0,0.0,False,3.0,-100.0
QQQ,678.44,2026-08-07,11,761.0,0.06,6.0,12.2,12.2,372,33.0,0.0,0.0,-100.0,0.0,0.0,-100.0,0.0,0.0,-100.0,62.0,0.0,False,3.03,-100.0
QQQ,678.44,2026-08-07,11,765.0,0.06,6.0,12.8,12.8,1549,50.0,0.0,0.0,-100.0,0.0,0.0,-100.0,0.0,0.0,-100.0,62.0,0.0,False,3.17,-100.0
QQQ,678.44,2026-08-14,18,694.0,9.57,957.0,2.3,3.7,271,1.0,23.0,32.0,-19.0,21.3,30.5,-20.0,17.3,23.8,-45.0,37.8,6.54,True,0.75,-20.0
QQQ,678.44,2026-08-14,18,695.0,9.15,915.0,2.4,3.8,292,1.0,22.8,31.2,-19.0,21.3,29.3,-20.0,16.9,22.6,-45.0,37.8,6.38,True,0.77,-20.0
QQQ,678.44,2026-08-14,18,696.0,8.74,874.0,2.6,3.9,250,1.0,22.6,30.3,-19.0,21.3,29.3,-20.0,15.9,21.8,-45.0,37.8,6.0,True,0.79,-20.0
QQQ,678.44,2026-08-14,18,697.0,8.34,834.0,2.7,4.0,295,1.0,22.0,29.3,-19.0,20.5,27.6,-20.0,15.5,21.0,-45.0,37.8,5.85,True,0.8,-20.0
QQQ,678.44,2026-08-14,18,700.0,7.22,722.0,3.2,4.2,7896,1.0,19.8,26.7,-19.0,19.2,25.1,-19.0,14.1,19.1,-46.0,37.8,5.31,True,0.86,-19.0
QQQ,678.44,2026-08-14,18,705.0,5.56,556.0,3.9,4.7,2504,1.0,17.5,22.2,-17.0,17.6,22.2,-15.0,12.2,15.7,-45.0,37.8,4.62,False,0.96,-17.0
QQQ,678.44,2026-08-14,18,710.0,4.17,417.0,4.7,5.3,754,1.0,14.7,18.9,-13.0,14.6,18.4,-9.0,10.0,13.6,-44.0,37.8,3.77,False,1.06,-13.0
QQQ,678.44,2026-08-14,18,712.0,3.68,368.0,4.9,5.5,1221,2.0,13.8,17.1,-11.0,14.2,18.0,-7.0,9.6,12.6,-43.0,37.8,3.62,False,1.11,-11.0
QQQ,678.44,2026-08-14,18,713.0,3.45,345.0,5.1,5.6,405,1.0,13.4,15.9,-9.0,13.8,16.7,-5.0,9.4,12.2,-42.0,37.8,3.54,False,1.13,-9.0
QQQ,678.44,2026-08-14,18,715.0,3.03,303.0,5.4,5.8,1105,2.0,12.2,14.5,-6.0,12.6,14.6,-1.0,9.0,11.4,-41.0,37.8,3.38,False,1.17,-6.0
QQQ,678.44,2026-08-14,18,718.0,2.47,247.0,5.8,6.2,306,2.0,10.6,13.8,-1.0,10.9,13.8,4.0,8.4,10.0,-39.0,37.8,3.15,False,1.24,-1.0
QQQ,678.44,2026-08-14,18,720.0,2.14,214.0,6.1,6.4,1494,2.0,10.0,12.8,3.0,10.5,12.1,9.0,7.7,8.8,-38.0,37.8,2.92,False,1.29,3.0
QQQ,678.44,2026-08-14,18,721.0,1.98,198.0,6.3,6.6,303,2.0,9.6,12.6,6.0,10.5,12.1,12.0,7.1,8.6,-37.0,37.8,2.69,False,1.32,6.0
QQQ,678.44,2026-08-14,18,722.0,1.84,184.0,6.4,6.7,752,2.0,9.6,12.4,8.0,10.5,12.1,15.0,6.7,8.4,-36.0,37.8,2.54,False,1.34,8.0
QQQ,678.44,2026-08-14,18,722.5,1.77,177.0,6.5,6.8,383,2.0,9.4,12.0,9.0,10.0,12.1,16.0,6.5,7.9,-36.0,37.8,2.46,False,1.35,9.0
QQQ,678.44,2026-08-14,18,723.0,1.7,170.0,6.6,6.8,664,2.0,9.4,11.6,11.0,10.0,11.7,18.0,6.5,7.7,-36.0,37.8,2.46,False,1.37,11.0
QQQ,678.44,2026-08-14,18,724.0,1.58,158.0,6.7,6.9,252,2.0,9.0,10.8,13.0,9.6,11.3,21.0,6.3,7.5,-35.0,37.8,2.38,False,1.39,13.0
QQQ,678.44,2026-08-14,18,725.0,1.46,146.0,6.9,7.1,1629,2.0,9.0,10.4,16.0,9.6,10.9,24.0,5.9,7.3,-34.0,37.8,2.23,False,1.42,16.0
QQQ,678.44,2026-08-14,18,726.0,1.35,135.0,7.0,7.2,276,2.0,8.8,10.0,19.0,9.2,10.5,26.0,5.5,6.7,-33.0,37.8,2.08,False,1.44,19.0
QQQ,678.44,2026-08-14,18,727.0,1.25,125.0,7.2,7.3,275,2.0,8.4,9.4,22.0,8.4,9.2,29.0,5.3,6.7,-33.0,37.8,2.0,False,1.47,22.0
QQQ,678.44,2026-08-14,18,728.0,1.15,115.0,7.3,7.5,346,2.0,8.1,9.2,25.0,7.9,9.2,32.0,5.3,6.5,-32.0,37.8,2.0,False,1.49,25.0
QQQ,678.44,2026-08-14,18,730.0,0.98,98.0,7.6,7.7,7835,2.0,7.5,8.1,30.0,7.5,8.4,39.0,4.9,5.7,-30.0,37.8,1.85,False,1.54,30.0
QQQ,678.44,2026-08-14,18,731.0,0.9,90.0,7.7,7.9,269,2.0,6.7,7.7,32.0,6.3,7.5,42.0,4.7,5.7,-30.0,37.8,1.77,False,1.57,32.0
QQQ,678.44,2026-08-14,18,735.0,0.65,65.0,8.3,8.4,13030,3.0,5.5,6.7,43.0,5.0,6.7,59.0,3.5,4.7,-30.0,37.8,1.31,False,1.68,43.0
QQQ,678.44,2026-08-14,18,737.5,0.54,54.0,8.7,8.8,274,6.0,5.3,6.3,47.0,4.6,6.3,69.0,3.1,4.1,-31.0,37.8,1.15,False,1.74,47.0
QQQ,678.44,2026-08-14,18,738.0,0.52,52.0,8.8,8.9,305,6.0,5.1,6.1,47.0,4.6,5.9,71.0,3.1,3.9,-31.0,37.8,1.15,False,1.76,47.0
QQQ,678.44,2026-08-14,18,740.0,0.44,44.0,9.1,9.1,8272,5.0,4.7,5.7,51.0,4.2,5.0,82.0,2.4,3.1,-31.0,37.8,0.92,False,1.81,51.0
QQQ,678.44,2026-08-14,18,741.0,0.41,41.0,9.2,9.3,306,7.0,4.5,5.7,51.0,4.2,5.0,85.0,2.2,3.1,-32.0,37.8,0.85,False,1.84,51.0
QQQ,678.44,2026-08-14,18,745.0,0.31,31.0,9.8,9.9,1349,10.0,3.3,4.3,46.0,3.8,3.8,93.0,1.8,2.0,-35.0,37.8,0.69,False,1.95,46.0
QQQ,678.44,2026-08-14,18,750.0,0.22,22.0,10.5,10.6,1981,9.0,2.2,2.9,40.0,2.9,3.3,92.0,1.2,1.2,-46.0,37.8,0.46,False,2.08,40.0
QQQ,678.44,2026-08-14,18,751.0,0.21,21.0,10.7,10.7,402,14.0,2.0,2.9,35.0,2.5,3.3,87.0,1.0,1.2,-48.0,37.8,0.38,False,2.11,35.0
QQQ,678.44,2026-08-14,18,753.0,0.2,20.0,11.0,11.0,523,20.0,2.0,2.4,22.0,2.5,3.3,71.0,1.0,1.0,-56.0,37.8,0.38,False,2.16,22.0
QQQ,678.44,2026-08-14,18,755.0,0.17,17.0,11.3,11.3,563,18.0,1.8,2.0,21.0,2.1,2.5,75.0,0.6,0.8,-60.0,37.8,0.23,False,2.22,21.0
QQQ,678.44,2026-08-14,18,756.0,0.17,17.0,11.4,11.5,394,18.0,1.8,1.8,10.0,2.1,2.1,63.0,0.6,0.8,-63.0,37.8,0.23,False,2.24,10.0
QQQ,678.44,2026-08-14,18,757.0,0.16,16.0,11.6,11.6,257,19.0,1.6,1.6,6.0,2.1,2.1,60.0,0.6,0.8,-65.0,37.8,0.23,False,2.27,6.0
QQQ,678.44,2026-08-14,18,760.0,0.14,14.0,12.0,12.0,859,21.0,1.2,1.2,-10.0,1.7,1.7,39.0,0.4,0.6,-73.0,37.8,0.15,False,2.35,-10.0
QQQ,678.44,2026-08-14,18,765.0,0.12,12.0,12.8,12.8,2619,17.0,0.8,1.0,-38.0,1.3,1.3,8.0,0.2,0.2,-80.0,37.8,0.08,False,2.49,-38.0
QQQ,678.44,2026-08-14,18,770.0,0.1,10.0,13.5,13.5,565,30.0,0.6,0.6,-57.0,0.8,0.8,-13.0,0.2,0.2,-86.0,37.8,0.08,False,2.62,-57.0
QQQ,678.44,2026-08-14,18,775.0,0.09,9.0,14.2,14.2,834,44.0,0.2,0.2,-69.0,0.4,0.4,-37.0,0.2,0.2,-95.0,37.8,0.08,False,2.76,-69.0
QQQ,678.44,2026-08-14,18,780.0,0.07,7.0,15.0,15.0,639,29.0,0.2,0.2,-75.0,0.4,0.4,-49.0,0.0,0.0,-100.0,37.8,0.0,False,2.89,-75.0
QQQ,678.44,2026-08-14,18,790.0,0.06,6.0,16.4,16.5,549,33.0,0.0,0.0,-100.0,0.0,0.0,-100.0,0.0,0.0,-100.0,37.8,0.0,False,3.15,-100.0
QQQ,678.44,2026-08-21,25,700.0,9.35,935.0,3.2,4.6,34915,1.0,21.6,31.1,-10.0,20.1,30.8,-4.0,14.0,20.4,-41.0,27.0,3.78,False,0.78,-10.0
QQQ,678.44,2026-08-21,25,701.0,8.96,896.0,3.3,4.6,429,1.0,21.2,29.6,-9.0,19.7,28.6,-3.0,13.8,19.3,-41.0,27.0,3.72,False,0.8,-9.0
QQQ,678.44,2026-08-21,25,702.0,8.58,858.0,3.5,4.7,269,0.0,20.4,28.4,-9.0,18.8,27.4,-2.0,13.4,19.1,-41.0,27.0,3.61,False,0.81,-9.0
QQQ,678.44,2026-08-21,25,705.0,7.51,751.0,3.9,5.0,8464,1.0,18.3,25.5,-7.0,18.4,25.6,2.0,13.0,17.7,-39.0,27.0,3.5,False,0.86,-7.0
QQQ,678.44,2026-08-21,25,707.0,6.84,684.0,4.2,5.2,410,1.0,17.3,24.3,-6.0,17.1,23.5,5.0,12.6,16.7,-38.0,27.0,3.39,False,0.89,-6.0
QQQ,678.44,2026-08-21,25,710.0,5.93,593.0,4.7,5.5,7844,1.0,15.6,21.0,-3.0,16.2,20.9,11.0,11.7,15.0,-35.0,27.0,3.17,False,0.95,-3.0
QQQ,678.44,2026-08-21,25,712.0,5.36,536.0,4.9,5.7,1543,1.0,14.8,18.7,0.0,15.4,18.4,16.0,11.5,14.0,-33.0,27.0,3.11,False,0.98,0.0
QQQ,678.44,2026-08-21,25,713.0,5.09,509.0,5.1,5.8,320,1.0,14.8,18.5,2.0,15.4,18.4,18.0,11.1,14.0,-33.0,27.0,3.0,False,1.0,2.0
QQQ,678.44,2026-08-21,25,714.0,4.83,483.0,5.2,6.0,333,1.0,14.8,18.5,4.0,15.4,18.4,21.0,10.5,13.4,-31.0,27.0,2.83,False,1.02,4.0
QQQ,678.44,2026-08-21,25,715.0,4.58,458.0,5.4,6.1,6355,1.0,14.0,18.1,6.0,15.0,17.9,24.0,10.3,13.4,-30.0,27.0,2.78,False,1.04,6.0
QQQ,678.44,2026-08-21,25,716.0,4.34,434.0,5.5,6.2,367,1.0,13.8,17.7,8.0,15.0,17.9,27.0,9.7,13.2,-29.0,27.0,2.61,False,1.05,8.0
QQQ,678.44,2026-08-21,25,718.0,3.89,389.0,5.8,6.4,346,2.0,13.2,16.3,13.0,15.0,16.7,34.0,9.7,12.6,-27.0,27.0,2.61,False,1.09,13.0
QQQ,678.44,2026-08-21,25,719.0,3.67,367.0,6.0,6.5,590,1.0,13.0,15.8,15.0,15.0,16.2,38.0,9.5,12.1,-26.0,27.0,2.56,False,1.11,15.0
QQQ,678.44,2026-08-21,25,720.0,3.47,347.0,6.1,6.6,14362,1.0,13.0,15.6,18.0,15.0,16.2,41.0,9.5,11.9,-24.0,27.0,2.56,False,1.13,18.0
QQQ,678.44,2026-08-21,25,721.0,3.27,327.0,6.3,6.8,569,2.0,12.6,15.0,21.0,15.0,16.2,45.0,8.8,11.3,-23.0,27.0,2.39,False,1.15,21.0
QQQ,678.44,2026-08-21,25,722.0,3.08,308.0,6.4,6.9,1719,2.0,12.3,14.6,24.0,15.0,16.2,49.0,8.8,11.1,-21.0,27.0,2.39,False,1.17,24.0
QQQ,678.44,2026-08-21,25,723.0,2.9,290.0,6.6,7.0,534,1.0,12.1,14.0,27.0,15.0,16.2,53.0,8.6,11.1,-20.0,27.0,2.33,False,1.19,27.0
QQQ,678.44,2026-08-21,25,724.0,2.73,273.0,6.7,7.1,279,1.0,11.7,14.0,31.0,14.5,16.2,57.0,8.4,10.7,-18.0,27.0,2.28,False,1.21,31.0
QQQ,678.44,2026-08-21,25,725.0,2.57,257.0,6.9,7.2,5056,2.0,11.7,13.6,34.0,14.5,15.8,61.0,8.2,10.5,-16.0,27.0,2.22,False,1.23,34.0
QQQ,678.44,2026-08-21,25,726.0,2.41,241.0,7.0,7.4,377,2.0,11.5,13.2,38.0,14.1,15.0,66.0,8.0,10.3,-14.0,27.0,2.17,False,1.25,38.0
QQQ,678.44,2026-08-21,25,728.0,2.12,212.0,7.3,7.6,553,1.0,10.3,12.1,46.0,12.8,14.1,75.0,7.2,9.7,-11.0,27.0,1.94,False,1.29,46.0
QQQ,678.44,2026-08-21,25,729.0,1.98,198.0,7.5,7.7,535,2.0,9.9,11.7,50.0,12.4,14.1,80.0,7.2,9.5,-8.0,27.0,1.94,False,1.31,50.0
QQQ,678.44,2026-08-21,25,730.0,1.86,186.0,7.6,7.9,23906,2.0,9.7,11.5,54.0,12.0,13.7,85.0,7.2,9.3,-6.0,27.0,1.94,False,1.33,54.0
QQQ,678.44,2026-08-21,25,731.0,1.74,174.0,7.7,8.0,393,2.0,9.7,11.5,59.0,12.0,13.7,90.0,6.8,9.3,-4.0,27.0,1.83,False,1.35,59.0
QQQ,678.44,2026-08-21,25,732.0,1.63,163.0,7.9,8.1,596,2.0,9.5,11.5,64.0,12.0,13.7,96.0,6.6,8.8,-2.0,27.0,1.78,False,1.38,64.0
QQQ,678.44,2026-08-21,25,733.0,1.52,152.0,8.0,8.3,6356,1.0,9.5,11.5,69.0,12.0,13.7,102.0,6.6,8.6,1.0,27.0,1.78,False,1.4,69.0
QQQ,678.44,2026-08-21,25,734.0,1.42,142.0,8.2,8.4,361,1.0,8.8,10.7,74.0,12.0,13.2,108.0,6.2,8.0,3.0,27.0,1.67,False,1.42,74.0
QQQ,678.44,2026-08-21,25,735.0,1.32,132.0,8.3,8.5,7523,1.0,8.8,10.5,80.0,12.0,12.8,114.0,6.0,7.6,6.0,27.0,1.61,False,1.44,80.0
QQQ,678.44,2026-08-21,25,736.0,1.24,124.0,8.5,8.7,552,2.0,8.6,10.5,85.0,12.0,12.8,118.0,5.6,7.0,8.0,27.0,1.5,False,1.46,85.0
QQQ,678.44,2026-08-21,25,737.0,1.16,116.0,8.6,8.8,1067,2.0,8.4,10.3,90.0,12.0,12.8,123.0,5.3,6.8,10.0,27.0,1.44,False,1.48,90.0
QQQ,678.44,2026-08-21,25,738.0,1.09,109.0,8.8,8.9,2156,3.0,8.2,10.3,94.0,12.0,12.8,127.0,5.3,6.6,13.0,27.0,1.44,False,1.51,94.0
QQQ,678.44,2026-08-21,25,739.0,1.02,102.0,8.9,9.1,345,3.0,8.0,10.1,100.0,11.5,12.4,130.0,5.1,6.2,15.0,27.0,1.39,False,1.53,100.0
QQQ,678.44,2026-08-21,25,740.0,0.95,95.0,9.1,9.2,29420,2.0,7.4,9.5,106.0,10.7,12.0,135.0,4.9,6.0,18.0,27.0,1.33,False,1.55,106.0
QQQ,678.44,2026-08-21,25,741.0,0.89,89.0,9.2,9.4,703,3.0,7.2,9.5,111.0,10.3,12.0,139.0,4.7,6.0,20.0,27.0,1.28,False,1.57,111.0
QQQ,678.44,2026-08-21,25,742.0,0.83,83.0,9.4,9.5,1115,2.0,7.2,9.1,118.0,10.3,11.1,143.0,4.5,5.3,23.0,27.0,1.22,False,1.59,118.0
QQQ,678.44,2026-08-21,25,743.0,0.78,78.0,9.5,9.6,712,4.0,6.8,8.8,123.0,9.8,11.1,146.0,4.3,5.1,25.0,27.0,1.17,False,1.62,123.0
QQQ,678.44,2026-08-21,25,744.0,0.73,73.0,9.7,9.8,263,4.0,6.6,8.6,128.0,9.4,10.7,149.0,4.3,4.9,28.0,27.0,1.17,False,1.64,128.0
QQQ,678.44,2026-08-21,25,745.0,0.68,68.0,9.8,9.9,11095,4.0,6.6,7.8,135.0,9.4,10.3,153.0,4.1,4.5,31.0,27.0,1.11,False,1.66,135.0
QQQ,678.44,2026-08-21,25,746.0,0.64,64.0,10.0,10.1,369,5.0,6.2,7.6,140.0,8.5,9.8,154.0,4.1,4.1,33.0,27.0,1.11,False,1.68,140.0
QQQ,678.44,2026-08-21,25,747.0,0.6,60.0,10.1,10.2,1158,5.0,6.0,7.4,145.0,8.1,9.4,156.0,3.9,3.9,35.0,27.0,1.06,False,1.71,145.0
QQQ,678.44,2026-08-21,25,748.0,0.56,56.0,10.3,10.3,1117,5.0,6.0,7.4,152.0,8.1,9.4,160.0,3.9,3.9,37.0,27.0,1.06,False,1.73,152.0
QQQ,678.44,2026-08-21,25,749.0,0.52,52.0,10.4,10.5,618,4.0,5.3,6.6,160.0,6.8,8.1,165.0,3.9,3.9,40.0,27.0,1.06,False,1.75,160.0
QQQ,678.44,2026-08-21,25,750.0,0.49,49.0,10.5,10.6,40120,4.0,5.3,6.2,165.0,6.8,7.7,167.0,3.9,3.9,41.0,27.0,1.06,False,1.78,165.0
QQQ,678.44,2026-08-21,25,755.0,0.36,36.0,11.3,11.3,6825,3.0,4.3,4.9,190.0,5.6,6.4,174.0,3.1,3.5,43.0,27.0,0.83,False,1.89,174.0
QQQ,678.44,2026-08-21,25,760.0,0.29,29.0,12.0,12.1,12598,10.0,3.9,3.9,188.0,4.7,4.7,149.0,2.5,2.5,27.0,27.0,0.67,False,2.0,149.0
QQQ,678.44,2026-08-21,25,765.0,0.23,23.0,12.8,12.8,5683,13.0,3.5,3.7,181.0,3.8,4.3,117.0,2.1,2.1,11.0,27.0,0.56,False,2.12,117.0
QQQ,678.44,2026-08-21,25,770.0,0.19,19.0,13.5,13.5,13037,11.0,2.9,3.3,153.0,2.6,3.4,74.0,1.4,1.4,-11.0,27.0,0.39,False,2.23,74.0
QQQ,678.44,2026-08-21,25,775.0,0.16,16.0,14.2,14.3,4739,25.0,2.3,2.3,117.0,1.7,1.7,34.0,1.0,1.2,-33.0,27.0,0.28,False,2.34,34.0
QQQ,678.44,2026-08-21,25,780.0,0.13,13.0,15.0,15.0,9289,15.0,1.9,1.9,86.0,1.3,1.3,9.0,0.6,0.8,-51.0,27.0,0.17,False,2.46,9.0
QQQ,678.44,2026-08-21,25,785.0,0.12,12.0,15.7,15.7,16108,33.0,1.4,1.4,35.0,0.9,0.9,-20.0,0.4,0.4,-67.0,27.0,0.11,False,2.57,-20.0
QQQ,678.44,2026-08-21,25,790.0,0.1,10.0,16.4,16.5,6846,20.0,1.0,1.0,5.0,0.4,0.4,-28.0,0.4,0.4,-81.0,27.0,0.11,False,2.68,-28.0
QQQ,678.44,2026-08-21,25,795.0,0.09,9.0,17.2,17.2,1945,33.0,0.6,0.8,-29.0,0.4,0.4,-44.0,0.2,0.2,-93.0,27.0,0.06,False,2.79,-44.0
QQQ,678.44,2026-08-21,25,800.0,0.08,8.0,17.9,17.9,13624,25.0,0.4,0.4,-48.0,0.4,0.4,-64.0,0.0,0.0,-100.0,27.0,0.0,False,2.9,-64.0
QQQ,678.44,2026-08-21,25,805.0,0.07,7.0,18.7,18.7,3418,14.0,0.4,0.4,-70.0,0.4,0.4,-89.0,0.0,0.0,-100.0,27.0,0.0,False,3.01,-89.0
QQQ,678.44,2026-08-21,25,810.0,0.06,6.0,19.4,19.4,7357,33.0,0.2,0.2,-88.0,0.0,0.0,-100.0,0.0,0.0,-100.0,27.0,0.0,False,3.12,-100.0
QQQ,678.44,2026-08-21,25,820.0,0.06,6.0,20.9,20.9,4729,50.0,0.0,0.0,-100.0,0.0,0.0,-100.0,0.0,0.0,-100.0,27.0,0.0,False,3.33,-100.0
QQQ,678.44,2026-08-28,32,710.0,7.9,790.0,4.7,5.8,453,1.0,19.3,26.0,6.0,19.2,24.9,21.0,12.9,16.4,-32.0,20.9,2.7,False,0.88,6.0
QQQ,678.44,2026-08-28,32,720.0,5.07,507.0,6.1,6.9,297,2.0,14.6,18.9,22.0,15.3,19.2,47.0,11.6,12.9,-21.0,20.9,2.43,False,1.03,22.0
QQQ,678.44,2026-08-28,32,724.0,4.18,418.0,6.7,7.3,549,2.0,13.5,16.4,32.0,14.8,17.0,61.0,11.0,12.5,-16.0,20.9,2.3,False,1.1,32.0
QQQ,678.44,2026-08-28,32,725.0,3.97,397.0,6.9,7.4,254,2.0,13.3,16.0,35.0,14.8,16.6,66.0,11.0,12.3,-15.0,20.9,2.3,False,1.12,35.0
QQQ,678.44,2026-08-28,32,730.0,3.06,306.0,7.6,8.1,3129,2.0,12.7,14.3,53.0,14.4,15.3,91.0,9.4,11.4,-7.0,20.9,1.96,False,1.2,53.0
QQQ,678.44,2026-08-28,32,735.0,2.32,232.0,8.3,8.7,811,2.0,11.6,12.9,74.0,13.5,14.8,121.0,7.9,10.0,1.0,20.9,1.65,False,1.29,74.0
QQQ,678.44,2026-08-28,32,740.0,1.75,175.0,9.1,9.3,441,2.0,11.2,12.5,98.0,13.5,14.4,154.0,6.7,8.3,11.0,20.9,1.39,False,1.39,98.0
QQQ,678.44,2026-08-28,32,745.0,1.31,131.0,9.8,10.0,295,2.0,9.8,11.2,122.0,12.2,14.0,188.0,6.0,6.9,23.0,20.9,1.26,False,1.48,122.0
QQQ,678.44,2026-08-28,32,748.0,1.1,110.0,10.3,10.4,770,3.0,9.1,10.8,138.0,12.2,14.0,209.0,6.0,6.4,30.0,20.9,1.26,False,1.54,138.0
QQQ,678.44,2026-08-28,32,750.0,0.99,99.0,10.5,10.7,667,4.0,8.3,9.6,146.0,11.4,13.1,219.0,5.4,6.0,32.0,20.9,1.13,False,1.58,146.0
QQQ,678.44,2026-08-28,32,755.0,0.74,74.0,11.3,11.4,257,4.0,7.1,7.9,176.0,9.6,10.9,255.0,5.2,5.4,41.0,20.9,1.09,False,1.68,176.0
QQQ,678.44,2026-08-28,32,759.0,0.6,60.0,11.9,12.0,274,5.0,6.2,7.1,196.0,7.9,9.6,277.0,4.4,4.6,42.0,20.9,0.91,False,1.76,196.0
QQQ,678.44,2026-08-28,32,760.0,0.57,57.0,12.0,12.1,1005,5.0,6.0,7.1,200.0,7.4,9.6,283.0,4.4,4.6,41.0,20.9,0.91,False,1.78,200.0
QQQ,678.44,2026-08-28,32,765.0,0.44,44.0,12.8,12.8,376,7.0,5.6,6.2,220.0,6.6,7.9,312.0,3.7,4.4,37.0,20.9,0.78,False,1.88,220.0
QQQ,678.44,2026-08-28,32,770.0,0.36,36.0,13.5,13.5,581,11.0,5.2,5.4,218.0,5.7,6.1,322.0,2.9,3.5,21.0,20.9,0.61,False,1.98,218.0
QQQ,678.44,2026-08-28,32,775.0,0.3,30.0,14.2,14.3,679,13.0,4.4,4.6,200.0,5.2,5.7,317.0,2.1,2.9,-0.0,20.9,0.43,False,2.08,200.0
QQQ,678.44,2026-08-28,32,780.0,0.25,25.0,15.0,15.0,1115,12.0,4.0,4.2,176.0,5.2,5.2,295.0,1.7,2.3,-17.0,20.9,0.35,False,2.18,176.0
QQQ,678.44,2026-08-28,32,800.0,0.15,15.0,17.9,17.9,329,27.0,1.5,1.5,19.0,2.2,2.2,53.0,0.6,0.8,-85.0,20.9,0.13,False,2.57,19.0
QQQ,678.44,2026-08-28,32,870.0,0.06,6.0,28.2,28.2,302,67.0,0.0,0.0,-100.0,0.0,0.0,-100.0,0.0,0.0,-100.0,20.9,0.0,False,3.87,-100.0
QQQ,678.44,2026-08-31,35,710.0,8.3,830.0,4.7,5.9,854,1.0,20.7,26.9,13.0,18.1,26.0,25.0,12.9,17.3,-28.0,19.2,2.48,False,0.85,13.0
QQQ,678.44,2026-08-31,35,715.0,6.75,675.0,5.4,6.4,1074,1.0,18.4,24.0,20.0,16.7,22.5,37.0,12.7,15.4,-23.0,19.2,2.44,False,0.92,20.0
QQQ,678.44,2026-08-31,35,720.0,5.42,542.0,6.1,6.9,1156,2.0,15.7,20.5,29.0,15.4,20.3,53.0,11.5,13.4,-17.0,19.2,2.2,False,1.0,29.0
QQQ,678.44,2026-08-31,35,725.0,4.29,429.0,6.9,7.5,1144,2.0,13.6,16.9,43.0,14.5,17.2,74.0,10.9,12.7,-9.0,19.2,2.08,False,1.08,43.0
QQQ,678.44,2026-08-31,35,730.0,3.35,335.0,7.6,8.1,1939,2.0,12.9,15.2,61.0,14.5,16.3,100.0,10.2,11.5,0.0,19.2,1.96,False,1.16,61.0
QQQ,678.44,2026-08-31,35,735.0,2.57,257.0,8.3,8.7,776,2.0,12.1,13.6,85.0,13.7,15.4,132.0,9.2,10.9,10.0,19.2,1.76,False,1.25,85.0
QQQ,678.44,2026-08-31,35,737.0,2.31,231.0,8.6,9.0,278,2.0,11.5,13.4,94.0,13.2,15.4,146.0,8.8,10.0,15.0,19.2,1.68,False,1.28,94.0
QQQ,678.44,2026-08-31,35,740.0,1.96,196.0,9.1,9.4,1223,2.0,11.5,13.2,111.0,13.2,15.0,169.0,7.9,9.2,22.0,19.2,1.52,False,1.34,111.0
QQQ,678.44,2026-08-31,35,742.0,1.75,175.0,9.4,9.6,1866,2.0,10.9,12.3,123.0,12.8,14.5,187.0,6.9,8.6,27.0,19.2,1.32,False,1.37,123.0
QQQ,678.44,2026-08-31,35,744.0,1.57,157.0,9.7,9.9,306,3.0,10.9,12.1,135.0,12.8,14.5,203.0,6.7,8.1,32.0,19.2,1.28,False,1.41,135.0
QQQ,678.44,2026-08-31,35,745.0,1.49,149.0,9.8,10.0,363,3.0,10.2,11.5,140.0,12.8,14.5,211.0,6.3,7.5,34.0,19.2,1.2,False,1.43,140.0
QQQ,678.44,2026-08-31,35,750.0,1.12,112.0,10.5,10.7,1566,3.0,9.4,10.9,173.0,12.3,13.7,256.0,6.1,6.7,50.0,19.2,1.16,False,1.52,173.0
QQQ,678.44,2026-08-31,35,755.0,0.85,85.0,11.3,11.4,448,4.0,8.8,9.2,206.0,12.3,12.8,297.0,4.8,5.6,66.0,19.2,0.92,False,1.61,206.0
QQQ,678.44,2026-08-31,35,760.0,0.65,65.0,12.0,12.1,5630,5.0,6.7,7.9,238.0,9.3,11.5,331.0,4.2,4.8,81.0,19.2,0.8,False,1.71,238.0
QQQ,678.44,2026-08-31,35,765.0,0.51,51.0,12.8,12.8,396,6.0,6.3,7.1,268.0,8.4,9.7,363.0,3.8,4.4,93.0,19.2,0.72,False,1.8,268.0
QQQ,678.44,2026-08-31,35,766.0,0.49,49.0,12.9,13.0,419,6.0,6.1,6.5,270.0,7.9,8.4,365.0,3.8,4.2,93.0,19.2,0.72,False,1.82,270.0
QQQ,678.44,2026-08-31,35,770.0,0.4,40.0,13.5,13.6,2185,5.0,5.2,5.8,297.0,6.2,7.0,398.0,3.3,4.2,101.0,19.2,0.64,False,1.9,297.0
QQQ,678.44,2026-08-31,35,771.0,0.39,39.0,13.6,13.7,306,8.0,5.0,5.6,294.0,5.7,6.6,395.0,3.3,4.2,97.0,19.2,0.64,False,1.92,294.0
QQQ,678.44,2026-08-31,35,772.0,0.38,38.0,13.8,13.8,525,11.0,4.8,5.4,291.0,5.7,6.2,393.0,3.3,4.2,94.0,19.2,0.64,False,1.94,291.0
QQQ,678.44,2026-08-31,35,775.0,0.33,33.0,14.2,14.3,422,9.0,4.6,4.8,307.0,5.3,5.7,417.0,2.9,3.8,93.0,19.2,0.56,False,1.99,307.0
QQQ,678.44,2026-08-31,35,780.0,0.28,28.0,15.0,15.0,4845,14.0,3.8,4.2,306.0,4.8,5.3,421.0,2.7,3.5,76.0,19.2,0.52,False,2.09,306.0
QQQ,678.44,2026-08-31,35,785.0,0.23,23.0,15.7,15.7,424,13.0,3.5,4.2,313.0,4.8,5.3,429.0,2.3,2.3,62.0,19.2,0.44,False,2.18,313.0
QQQ,678.44,2026-08-31,35,790.0,0.2,20.0,16.4,16.5,1451,20.0,3.3,4.2,289.0,4.4,5.3,394.0,2.1,2.1,30.0,19.2,0.4,False,2.28,289.0
QQQ,678.44,2026-08-31,35,795.0,0.17,17.0,17.2,17.2,506,24.0,2.9,3.8,265.0,4.4,4.8,352.0,1.9,1.9,-5.0,19.2,0.36,False,2.37,265.0
QQQ,678.44,2026-08-31,35,800.0,0.15,15.0,17.9,17.9,9082,20.0,2.5,2.5,220.0,3.5,3.5,274.0,1.0,1.5,-37.0,19.2,0.2,False,2.46,220.0
QQQ,678.44,2026-08-31,35,805.0,0.14,14.0,18.7,18.7,299,29.0,2.3,2.3,161.0,3.1,3.1,189.0,0.6,0.6,-65.0,19.2,0.12,False,2.56,161.0
QQQ,678.44,2026-08-31,35,810.0,0.12,12.0,19.4,19.4,656,33.0,2.1,2.1,114.0,2.6,2.6,120.0,0.2,0.2,-75.0,19.2,0.04,False,2.65,114.0
QQQ,678.44,2026-08-31,35,815.0,0.11,11.0,20.1,20.1,463,36.0,1.9,1.9,45.0,2.2,2.2,34.0,0.2,0.2,-82.0,19.2,0.04,False,2.74,34.0
QQQ,678.44,2026-08-31,35,820.0,0.1,10.0,20.9,20.9,302,40.0,1.0,1.3,-2.0,1.3,1.8,-32.0,0.2,0.2,-91.0,19.2,0.04,False,2.83,-32.0
QQQ,678.44,2026-08-31,35,825.0,0.09,9.0,21.6,21.6,2927,33.0,0.6,0.6,-43.0,0.4,0.4,-84.0,0.0,0.0,-100.0,19.2,0.0,False,2.92,-84.0
QQQ,678.44,2026-08-31,35,830.0,0.09,9.0,22.3,22.4,356,44.0,0.2,0.2,-63.0,0.0,0.0,-100.0,0.0,0.0,-100.0,19.2,0.0,False,3.01,-100.0
QQQ,678.44,2026-08-31,35,835.0,0.08,8.0,23.1,23.1,294,50.0,0.2,0.2,-72.0,0.0,0.0,-100.0,0.0,0.0,-100.0,19.2,0.0,False,3.1,-100.0
QQQ,678.44,2026-08-31,35,840.0,0.08,8.0,23.8,23.8,376,50.0,0.2,0.2,-85.0,0.0,0.0,-100.0,0.0,0.0,-100.0,19.2,0.0,False,3.19,-100.0
QQQ,678.44,2026-08-31,35,845.0,0.07,7.0,24.6,24.6,628,57.0,0.2,0.2,-98.0,0.0,0.0,-100.0,0.0,0.0,-100.0,19.2,0.0,False,3.28,-100.0
QQQ,678.44,2026-08-31,35,850.0,0.06,6.0,25.3,25.3,2150,50.0,0.0,0.0,-100.0,0.0,0.0,-100.0,0.0,0.0,-100.0,19.2,0.0,False,3.37,-100.0
QQQ,678.44,2026-08-31,35,855.0,0.06,6.0,26.0,26.0,630,50.0,0.0,0.0,-100.0,0.0,0.0,-100.0,0.0,0.0,-100.0,19.2,0.0,False,3.45,-100.0
QQQ,678.44,2026-08-31,35,860.0,0.06,6.0,26.8,26.8,443,50.0,0.0,0.0,-100.0,0.0,0.0,-100.0,0.0,0.0,-100.0,19.2,0.0,False,3.54,-100.0
QQQ,678.44,2026-08-31,35,870.0,0.06,6.0,28.2,28.2,691,67.0,0.0,0.0,-100.0,0.0,0.0,-100.0,0.0,0.0,-100.0,19.2,0.0,False,3.71,-100.0
QQQ,678.44,2026-08-31,35,875.0,0.06,6.0,29.0,29.0,376,67.0,0.0,0.0,-100.0,0.0,0.0,-100.0,0.0,0.0,-100.0,19.2,0.0,False,3.8,-100.0
QQQ,678.44,2026-09-04,39,794.0,0.27,27.0,17.0,17.1,500,15.0,2.9,3.8,266.0,3.6,4.9,410.0,2.3,2.5,57.0,17.0,0.39,False,2.22,266.0
QQQ,678.44,2026-09-18,53,720.0,9.62,962.0,6.1,7.5,11954,1.0,24.9,30.7,32.0,23.8,29.0,56.0,13.3,17.0,-28.0,12.3,1.63,False,0.88,32.0
QQQ,678.44,2026-09-18,53,725.0,8.17,817.0,6.9,8.1,7239,1.0,22.1,27.7,36.0,22.0,26.6,67.0,12.0,15.7,-24.0,12.3,1.47,False,0.94,36.0
QQQ,678.44,2026-09-18,53,730.0,6.89,689.0,7.6,8.6,10868,1.0,19.5,24.7,42.0,20.1,25.7,79.0,10.7,14.2,-21.0,12.3,1.32,False,1.0,42.0
QQQ,678.44,2026-09-18,53,735.0,5.76,576.0,8.3,9.2,8200,1.0,17.0,21.0,50.0,18.2,22.9,95.0,10.3,13.3,-16.0,12.3,1.26,False,1.06,50.0
QQQ,678.44,2026-09-18,53,736.0,5.56,556.0,8.5,9.3,1105,1.0,16.7,20.6,52.0,18.2,22.9,98.0,10.1,13.3,-15.0,12.3,1.24,False,1.08,52.0
QQQ,678.44,2026-09-18,53,739.0,4.97,497.0,8.9,9.7,253,1.0,15.9,18.7,58.0,18.2,21.5,110.0,10.1,12.9,-11.0,12.3,1.24,False,1.12,58.0
QQQ,678.44,2026-09-18,53,740.0,4.79,479.0,9.1,9.8,16075,1.0,15.5,18.5,60.0,18.2,21.5,114.0,9.9,12.9,-10.0,12.3,1.21,False,1.13,60.0
QQQ,678.44,2026-09-18,53,745.0,3.95,395.0,9.8,10.4,5639,1.0,14.4,17.0,74.0,16.8,19.6,136.0,8.4,10.7,-3.0,12.3,1.03,False,1.2,74.0
QQQ,678.44,2026-09-18,53,750.0,3.25,325.0,10.5,11.0,21915,2.0,12.7,15.0,88.0,14.5,17.3,160.0,7.5,9.9,4.0,12.3,0.92,False,1.27,88.0
QQQ,678.44,2026-09-18,53,755.0,2.65,265.0,11.3,11.7,9180,2.0,10.9,13.7,106.0,11.7,16.8,191.0,7.5,9.0,13.0,12.3,0.92,False,1.34,106.0
QQQ,678.44,2026-09-18,53,760.0,2.16,216.0,12.0,12.3,11113,2.0,10.3,12.9,127.0,11.2,15.4,229.0,7.1,8.6,21.0,12.3,0.87,False,1.41,127.0
QQQ,678.44,2026-09-18,53,765.0,1.75,175.0,12.8,13.0,5128,2.0,10.1,12.0,151.0,11.2,14.5,274.0,6.2,7.3,30.0,12.3,0.76,False,1.48,151.0
QQQ,678.44,2026-09-18,53,770.0,1.43,143.0,13.5,13.7,11417,3.0,8.6,10.5,173.0,11.2,14.0,318.0,5.8,6.7,37.0,12.3,0.71,False,1.55,173.0
QQQ,678.44,2026-09-18,53,775.0,1.16,116.0,14.2,14.4,4428,3.0,7.5,9.2,201.0,10.3,13.6,368.0,5.6,6.2,44.0,12.3,0.68,False,1.63,201.0
QQQ,678.44,2026-09-18,53,780.0,0.95,95.0,15.0,15.1,6961,3.0,7.5,8.6,228.0,10.3,12.6,418.0,4.9,5.6,48.0,12.3,0.61,False,1.7,228.0
QQQ,678.44,2026-09-18,53,785.0,0.78,78.0,15.7,15.8,2745,4.0,7.1,8.2,252.0,9.8,11.7,465.0,4.7,5.4,49.0,12.3,0.58,False,1.78,252.0
QQQ,678.44,2026-09-18,53,790.0,0.65,65.0,16.4,16.5,37103,5.0,6.4,7.3,270.0,9.3,10.7,503.0,4.1,4.9,44.0,12.3,0.5,False,1.85,270.0
QQQ,678.44,2026-09-18,53,795.0,0.56,56.0,17.2,17.3,2489,7.0,5.8,6.4,275.0,8.9,9.8,517.0,3.2,4.1,34.0,12.3,0.39,False,1.93,275.0
QQQ,678.44,2026-09-18,53,800.0,0.47,47.0,17.9,18.0,41063,4.0,5.6,6.2,286.0,8.9,9.8,541.0,2.8,4.1,25.0,12.3,0.34,False,2.0,286.0
QQQ,678.44,2026-09-18,53,805.0,0.41,41.0,18.7,18.7,29902,10.0,5.2,5.4,276.0,7.9,8.4,531.0,2.8,3.2,10.0,12.3,0.34,False,2.08,276.0
QQQ,678.44,2026-09-18,53,810.0,0.36,36.0,19.4,19.4,7018,11.0,4.7,5.4,259.0,7.0,8.4,513.0,2.1,2.8,-10.0,12.3,0.26,False,2.15,259.0
QQQ,678.44,2026-09-18,53,815.0,0.32,32.0,20.1,20.2,2959,12.0,4.3,5.2,231.0,7.0,7.9,480.0,1.7,1.9,-30.0,12.3,0.21,False,2.22,231.0
QQQ,678.44,2026-09-18,53,820.0,0.28,28.0,20.9,20.9,16009,14.0,3.4,4.1,209.0,5.6,7.0,445.0,1.5,1.7,-49.0,12.3,0.18,False,2.3,209.0
QQQ,678.44,2026-09-18,53,825.0,0.25,25.0,21.6,21.6,2091,16.0,3.2,4.1,179.0,5.1,7.0,403.0,1.1,1.1,-70.0,12.3,0.13,False,2.37,179.0
QQQ,678.44,2026-09-18,53,830.0,0.23,23.0,22.3,22.4,9691,17.0,2.8,3.6,140.0,4.7,6.1,340.0,0.6,0.6,-87.0,12.3,0.08,False,2.44,140.0
QQQ,678.44,2026-09-18,53,835.0,0.21,21.0,23.1,23.1,4154,24.0,2.6,3.2,99.0,4.7,5.1,271.0,0.2,0.4,-93.0,12.3,0.03,False,2.52,99.0
QQQ,678.44,2026-09-18,53,840.0,0.19,19.0,23.8,23.8,17974,21.0,1.9,1.9,61.0,3.7,3.7,202.0,0.2,0.4,-98.0,12.3,0.03,False,2.59,61.0
QQQ,678.44,2026-09-18,53,845.0,0.17,17.0,24.6,24.6,1393,24.0,1.7,1.9,25.0,3.3,3.7,132.0,0.0,0.2,-100.0,12.3,0.0,False,2.66,25.0
QQQ,678.44,2026-09-18,53,850.0,0.15,15.0,25.3,25.3,19492,27.0,1.5,1.7,-11.0,2.8,3.3,63.0,0.0,0.0,-100.0,12.3,0.0,False,2.73,-11.0
QQQ,678.44,2026-09-18,53,855.0,0.14,14.0,26.0,26.0,1726,29.0,1.1,1.1,-49.0,1.9,1.9,-6.0,0.0,0.0,-100.0,12.3,0.0,False,2.8,-49.0
QQQ,678.44,2026-09-18,53,860.0,0.13,13.0,26.8,26.8,1684,38.0,0.4,0.4,-77.0,0.9,0.9,-51.0,0.0,0.0,-100.0,12.3,0.0,False,2.87,-77.0
QQQ,678.44,2026-09-18,53,865.0,0.12,12.0,27.5,27.5,744,42.0,0.2,0.4,-88.0,0.5,0.9,-73.0,0.0,0.0,-100.0,12.3,0.0,False,2.94,-88.0
QQQ,678.44,2026-09-18,53,870.0,0.11,11.0,28.2,28.3,20085,27.0,0.2,0.2,-96.0,0.5,0.5,-92.0,0.0,0.0,-100.0,12.3,0.0,False,3.01,-96.0
QQQ,678.44,2026-09-18,53,875.0,0.1,10.0,29.0,29.0,3469,40.0,0.0,0.0,-100.0,0.0,0.0,-100.0,0.0,0.0,-100.0,12.3,0.0,False,3.08,-100.0
QQQ,678.44,2026-09-18,53,880.0,0.09,9.0,29.7,29.7,1409,44.0,0.0,0.0,-100.0,0.0,0.0,-100.0,0.0,0.0,-100.0,12.3,0.0,False,3.15,-100.0
QQQ,678.44,2026-09-18,53,885.0,0.09,9.0,30.4,30.5,1040,56.0,0.0,0.0,-100.0,0.0,0.0,-100.0,0.0,0.0,-100.0,12.3,0.0,False,3.22,-100.0
QQQ,678.44,2026-09-18,53,890.0,0.08,8.0,31.2,31.2,1183,50.0,0.0,0.0,-100.0,0.0,0.0,-100.0,0.0,0.0,-100.0,12.3,0.0,False,3.29,-100.0
QQQ,678.44,2026-09-18,53,895.0,0.08,8.0,31.9,31.9,532,50.0,0.0,0.0,-100.0,0.0,0.0,-100.0,0.0,0.0,-100.0,12.3,0.0,False,3.35,-100.0
QQQ,678.44,2026-09-18,53,900.0,0.07,7.0,32.7,32.7,28478,43.0,0.0,0.0,-100.0,0.0,0.0,-100.0,0.0,0.0,-100.0,12.3,0.0,False,3.42,-100.0
QQQ,678.44,2026-09-18,53,905.0,0.07,7.0,33.4,33.4,814,57.0,0.0,0.0,-100.0,0.0,0.0,-100.0,0.0,0.0,-100.0,12.3,0.0,False,3.49,-100.0
QQQ,678.44,2026-09-18,53,910.0,0.07,7.0,34.1,34.1,1969,57.0,0.0,0.0,-100.0,0.0,0.0,-100.0,0.0,0.0,-100.0,12.3,0.0,False,3.56,-100.0
QQQ,678.44,2026-09-18,53,915.0,0.06,6.0,34.9,34.9,15537,50.0,0.0,0.0,-100.0,0.0,0.0,-100.0,0.0,0.0,-100.0,12.3,0.0,False,3.62,-100.0
QQQ,678.44,2026-09-18,53,920.0,0.06,6.0,35.6,35.6,1276,67.0,0.0,0.0,-100.0,0.0,0.0,-100.0,0.0,0.0,-100.0,12.3,0.0,False,3.69,-100.0
QQQ,678.44,2026-09-18,53,925.0,0.06,6.0,36.3,36.4,7702,67.0,0.0,0.0,-100.0,0.0,0.0,-100.0,0.0,0.0,-100.0,12.3,0.0,False,3.75,-100.0
QQQ,678.44,2026-09-18,53,930.0,0.06,6.0,37.1,37.1,616,83.0,0.0,0.0,-100.0,0.0,0.0,-100.0,0.0,0.0,-100.0,12.3,0.0,False,3.82,-100.0
AAPL,334.91,2026-08-03,7,345.0,3.25,325.0,3.0,4.0,448,8.0,16.6,18.6,-39.0,19.8,22.7,-28.0,14.4,16.8,-46.0,99.8,14.4,True,0.96,-39.0
AAPL,334.91,2026-08-05,9,345.0,3.85,385.0,3.0,4.2,360,12.0,18.5,21.5,-37.0,22.8,26.8,-20.0,15.7,19.7,-45.0,83.0,13.0,True,0.91,-37.0
AAPL,334.91,2026-08-07,11,335.0,8.5,850.0,0.0,2.6,4996,2.0,35.7,45.6,-9.0,39.3,50.8,7.0,32.3,41.3,-21.0,62.0,20.0,True,0.49,-9.0
AAPL,334.91,2026-08-07,11,337.5,7.25,725.0,0.8,2.9,502,3.0,33.5,40.7,-12.0,37.3,46.3,6.0,29.6,36.7,-24.0,62.0,18.38,True,0.56,-12.0
AAPL,334.91,2026-08-07,11,340.0,6.15,615.0,1.5,3.4,2204,4.0,30.8,36.5,-15.0,35.7,40.6,5.0,27.4,34.5,-28.0,62.0,17.0,True,0.64,-15.0
AAPL,334.91,2026-08-07,11,345.0,4.3,430.0,3.0,4.3,1927,5.0,23.2,29.0,-23.0,27.9,34.0,3.0,20.0,25.4,-36.0,62.0,12.38,True,0.82,-23.0
AAPL,334.91,2026-08-07,11,350.0,2.86,286.0,4.5,5.4,18329,3.0,16.9,21.0,-34.0,23.0,25.8,-2.0,14.1,17.9,-46.0,62.0,8.75,True,1.01,-34.0
AAPL,334.91,2026-08-07,11,355.0,1.87,187.0,6.0,6.6,675,5.0,10.3,13.7,-46.0,16.0,18.0,-13.0,8.3,11.9,-56.0,62.0,5.12,True,1.23,-46.0
AAPL,334.91,2026-08-07,11,360.0,1.2,120.0,7.5,7.8,1947,5.0,6.0,7.3,-56.0,9.0,11.1,-24.0,4.8,5.8,-64.0,62.0,3.0,False,1.47,-56.0
AAPL,334.91,2026-08-07,11,365.0,0.78,78.0,9.0,9.2,582,8.0,2.6,3.4,-63.0,4.5,5.7,-34.0,2.4,2.8,-68.0,62.0,1.5,False,1.71,-63.0
AAPL,334.91,2026-08-07,11,370.0,0.48,48.0,10.5,10.6,1632,8.0,2.0,2.4,-67.0,3.7,4.1,-37.0,1.8,2.2,-72.0,62.0,1.12,False,1.96,-67.0
AAPL,334.91,2026-08-07,11,375.0,0.31,31.0,12.0,12.1,262,19.0,1.0,1.4,-76.0,2.0,2.5,-52.0,1.0,1.2,-81.0,62.0,0.62,False,2.21,-76.0
AAPL,334.91,2026-08-07,11,385.0,0.16,16.0,15.0,15.0,255,38.0,0.2,0.4,-99.0,0.4,0.4,-97.0,0.0,0.2,-100.0,62.0,0.0,False,2.71,-99.0
AAPL,334.91,2026-08-07,11,390.0,0.1,10.0,16.4,16.5,627,40.0,0.0,0.2,-100.0,0.0,0.0,-100.0,0.0,0.2,-100.0,62.0,0.0,False,2.96,-100.0
AAPL,334.91,2026-08-07,11,395.0,0.1,10.0,17.9,18.0,328,60.0,0.0,0.0,-100.0,0.0,0.0,-100.0,0.0,0.0,-100.0,62.0,0.0,False,3.21,-100.0
AAPL,334.91,2026-08-07,11,400.0,0.07,7.0,19.4,19.5,701,57.0,0.0,0.0,-100.0,0.0,0.0,-100.0,0.0,0.0,-100.0,62.0,0.0,False,3.45,-100.0
AAPL,334.91,2026-08-14,18,335.0,9.75,975.0,0.0,2.9,2048,4.0,39.5,54.8,1.0,48.5,61.5,27.0,31.4,48.3,-18.0,37.8,11.85,True,0.44,1.0
AAPL,334.91,2026-08-14,18,340.0,7.35,735.0,1.5,3.7,4122,3.0,33.4,47.0,-4.0,41.4,53.1,27.0,25.9,42.0,-24.0,37.8,9.77,True,0.55,-4.0
AAPL,334.91,2026-08-14,18,345.0,5.4,540.0,3.0,4.6,2389,4.0,26.5,39.9,-11.0,34.7,48.1,24.0,22.8,34.0,-31.0,37.8,8.62,True,0.69,-11.0
AAPL,334.91,2026-08-14,18,350.0,3.85,385.0,4.5,5.7,1943,5.0,22.4,31.6,-18.0,29.7,38.1,20.0,17.3,26.9,-38.0,37.8,6.54,True,0.84,-18.0
AAPL,334.91,2026-08-14,18,355.0,2.72,272.0,6.0,6.8,1825,5.0,16.3,22.8,-27.0,24.3,30.1,12.0,12.2,18.5,-48.0,37.8,4.62,False,1.0,-27.0
AAPL,334.91,2026-08-14,18,360.0,1.84,184.0,7.5,8.0,1647,4.0,9.6,13.2,-38.0,15.9,19.2,-1.0,7.5,9.4,-55.0,37.8,2.85,False,1.18,-38.0
AAPL,334.91,2026-08-14,18,365.0,1.28,128.0,9.0,9.4,323,7.0,6.5,7.9,-48.0,11.3,13.4,-20.0,4.3,5.3,-63.0,37.8,1.62,False,1.36,-48.0
AAPL,334.91,2026-08-14,18,370.0,0.85,85.0,10.5,10.7,890,8.0,3.5,4.5,-56.0,5.9,7.9,-39.0,2.0,3.9,-67.0,37.8,0.77,False,1.55,-56.0
AAPL,334.91,2026-08-14,18,375.0,0.59,59.0,12.0,12.1,300,14.0,1.8,2.9,-60.0,2.9,5.0,-50.0,1.0,2.2,-67.0,37.8,0.38,False,1.74,-60.0
AAPL,334.91,2026-08-14,18,380.0,0.41,41.0,13.5,13.6,466,22.0,1.0,1.8,-59.0,1.3,2.9,-50.0,1.0,1.8,-65.0,37.8,0.38,False,1.94,-59.0
AAPL,334.91,2026-08-14,18,390.0,0.26,26.0,16.4,16.5,347,46.0,0.8,0.8,-71.0,1.3,1.3,-70.0,0.8,0.8,-79.0,37.8,0.31,False,2.33,-71.0
AAPL,334.91,2026-08-14,18,400.0,0.13,13.0,19.4,19.5,289,54.0,0.2,0.2,-87.0,0.0,0.0,-100.0,0.2,0.2,-91.0,37.8,0.08,False,2.71,-100.0
AAPL,334.91,2026-08-21,25,340.0,8.5,850.0,1.5,4.1,25768,2.0,38.3,55.3,8.0,48.7,62.4,41.0,30.0,47.7,-19.0,27.0,8.11,True,0.51,8.0
AAPL,334.91,2026-08-21,25,342.5,7.4,740.0,2.3,4.5,1039,1.0,36.0,52.3,6.0,46.6,60.7,41.0,28.6,43.4,-22.0,27.0,7.72,True,0.57,6.0
AAPL,334.91,2026-08-21,25,345.0,6.45,645.0,3.0,4.9,45318,2.0,33.7,47.1,3.0,44.0,56.8,40.0,25.3,40.3,-25.0,27.0,6.83,True,0.62,3.0
AAPL,334.91,2026-08-21,25,347.5,5.6,560.0,3.8,5.4,333,3.0,30.2,43.8,0.0,38.9,52.6,37.0,23.0,37.2,-29.0,27.0,6.22,True,0.68,0.0
AAPL,334.91,2026-08-21,25,350.0,4.8,480.0,4.5,5.9,16700,2.0,28.0,40.3,-3.0,36.3,49.6,35.0,20.4,32.7,-33.0,27.0,5.5,True,0.75,-3.0
AAPL,334.91,2026-08-21,25,352.5,4.1,410.0,5.3,6.5,480,2.0,24.7,37.2,-7.0,32.1,47.0,31.0,18.5,28.4,-38.0,27.0,5.0,True,0.81,-7.0
AAPL,334.91,2026-08-21,25,355.0,3.5,350.0,6.0,7.0,5330,4.0,21.0,31.1,-12.0,27.8,39.7,26.0,15.6,24.5,-42.0,27.0,4.22,False,0.88,-12.0
AAPL,334.91,2026-08-21,25,357.5,2.95,295.0,6.7,7.6,297,3.0,19.5,26.7,-17.0,26.1,35.0,22.0,13.8,21.4,-48.0,27.0,3.72,False,0.95,-17.0
AAPL,334.91,2026-08-21,25,360.0,2.49,249.0,7.5,8.2,9958,2.0,16.7,23.3,-23.0,22.2,29.9,16.0,11.5,16.3,-54.0,27.0,3.11,False,1.02,-23.0
AAPL,334.91,2026-08-21,25,365.0,1.78,178.0,9.0,9.5,4247,4.0,11.7,15.4,-39.0,17.1,22.6,0.0,6.0,8.8,-67.0,27.0,1.61,False,1.18,-39.0
AAPL,334.91,2026-08-21,25,370.0,1.26,126.0,10.5,10.9,6526,5.0,6.0,8.2,-57.0,11.1,14.5,-23.0,3.7,5.8,-76.0,27.0,1.0,False,1.33,-57.0
AAPL,334.91,2026-08-21,25,375.0,0.9,90.0,12.0,12.2,1801,7.0,3.7,4.7,-69.0,6.4,8.5,-46.0,2.1,2.9,-86.0,27.0,0.56,False,1.49,-69.0
AAPL,334.91,2026-08-21,25,380.0,0.67,67.0,13.5,13.7,5139,10.0,2.1,2.9,-83.0,3.8,5.1,-68.0,0.6,1.6,-92.0,27.0,0.17,False,1.66,-83.0
AAPL,334.91,2026-08-21,25,385.0,0.46,46.0,15.0,15.1,313,11.0,0.6,1.2,-89.0,0.9,1.7,-79.0,0.4,1.0,-94.0,27.0,0.11,False,1.82,-89.0
AAPL,334.91,2026-08-21,25,390.0,0.33,33.0,16.4,16.5,1132,12.0,0.4,1.0,-92.0,0.9,1.3,-84.0,0.4,0.8,-97.0,27.0,0.11,False,1.98,-92.0
AAPL,334.91,2026-08-21,25,400.0,0.2,20.0,19.4,19.5,4882,30.0,0.0,0.4,-100.0,0.0,0.4,-100.0,0.0,0.4,-100.0,27.0,0.0,False,2.3,-100.0
AAPL,334.91,2026-08-21,25,410.0,0.14,14.0,22.4,22.5,1186,43.0,0.0,0.2,-100.0,0.0,0.0,-100.0,0.0,0.2,-100.0,27.0,0.0,False,2.62,-100.0
AAPL,334.91,2026-08-21,25,420.0,0.08,8.0,25.4,25.4,846,38.0,0.0,0.0,-100.0,0.0,0.0,-100.0,0.0,0.0,-100.0,27.0,0.0,False,2.93,-100.0
AAPL,334.91,2026-08-21,25,450.0,0.1,10.0,34.4,34.4,1591,90.0,0.0,0.0,-100.0,0.0,0.0,-100.0,0.0,0.0,-100.0,27.0,0.0,False,3.82,-100.0
AAPL,334.91,2026-08-21,25,470.0,0.13,13.0,40.3,40.4,308,100.0,0.0,0.0,-100.0,0.0,0.0,-100.0,0.0,0.0,-100.0,27.0,0.0,False,4.39,-100.0
AAPL,334.91,2026-08-21,25,480.0,0.08,8.0,43.3,43.3,323,100.0,0.0,0.0,-100.0,0.0,0.0,-100.0,0.0,0.0,-100.0,27.0,0.0,False,4.66,-100.0
AAPL,334.91,2026-08-21,25,600.0,0.07,7.0,79.2,79.2,603,86.0,0.0,0.0,-100.0,0.0,0.0,-100.0,0.0,0.0,-100.0,27.0,0.0,False,7.54,-100.0
AAPL,334.91,2026-08-28,32,340.0,9.65,965.0,1.5,4.4,2089,3.0,38.3,61.1,8.0,48.9,68.6,43.0,29.7,48.2,-23.0,20.9,6.22,True,0.49,8.0
AAPL,334.91,2026-08-28,32,345.0,7.6,760.0,3.0,5.3,2229,3.0,33.3,51.4,4.0,42.8,62.0,43.0,24.1,41.0,-29.0,20.9,5.04,True,0.59,4.0
AAPL,334.91,2026-08-28,32,350.0,5.8,580.0,4.5,6.2,1063,4.0,29.5,44.1,0.0,39.3,53.7,44.0,20.2,34.3,-34.0,20.9,4.22,False,0.69,0.0
AAPL,334.91,2026-08-28,32,355.0,4.5,450.0,6.0,7.3,1021,7.0,22.9,34.1,-9.0,31.9,43.7,37.0,17.5,27.9,-42.0,20.9,3.65,False,0.81,-9.0
AAPL,334.91,2026-08-28,32,360.0,3.35,335.0,7.5,8.5,2901,7.0,18.7,27.7,-16.0,27.1,36.2,30.0,12.9,20.8,-51.0,20.9,2.7,False,0.93,-16.0
AAPL,334.91,2026-08-28,32,365.0,2.43,243.0,9.0,9.7,657,4.0,16.0,21.4,-25.0,24.9,30.1,22.0,8.9,13.9,-61.0,20.9,1.87,False,1.06,-25.0
AAPL,334.91,2026-08-28,32,370.0,1.89,189.0,10.5,11.0,488,10.0,10.0,15.4,-44.0,16.2,24.5,-5.0,4.8,8.1,-73.0,20.9,1.0,False,1.2,-44.0
AAPL,334.91,2026-08-28,32,385.0,0.72,72.0,15.0,15.2,381,10.0,2.1,2.9,-78.0,3.9,5.2,-69.0,0.8,1.0,-91.0,20.9,0.17,False,1.62,-78.0
AAPL,334.91,2026-08-28,32,400.0,0.31,31.0,19.4,19.5,815,13.0,0.2,0.2,-94.0,0.0,0.0,-100.0,0.2,0.2,-97.0,20.9,0.04,False,2.04,-100.0
AAPL,334.91,2026-09-18,53,350.0,8.65,865.0,4.5,7.1,43072,2.0,30.7,48.3,10.0,43.0,61.7,69.0,21.5,37.3,-33.0,12.3,2.63,False,0.61,10.0
AAPL,334.91,2026-09-18,53,355.0,7.0,700.0,6.0,8.1,3880,2.0,27.5,41.2,8.0,40.2,52.3,71.0,17.8,32.8,-37.0,12.3,2.18,False,0.69,8.0
AAPL,334.91,2026-09-18,53,360.0,5.6,560.0,7.5,9.2,10018,2.0,24.2,36.1,5.0,36.9,46.3,74.0,14.6,28.3,-41.0,12.3,1.79,False,0.78,5.0
AAPL,334.91,2026-09-18,53,365.0,4.5,450.0,9.0,10.3,2145,4.0,21.0,32.0,1.0,32.2,43.5,72.0,12.4,23.6,-46.0,12.3,1.53,False,0.87,1.0
AAPL,334.91,2026-09-18,53,370.0,3.55,355.0,10.5,11.5,3916,4.0,16.7,28.1,-4.0,26.6,40.2,70.0,9.9,18.5,-50.0,12.3,1.21,False,0.97,-4.0
AAPL,334.91,2026-09-18,53,375.0,2.85,285.0,12.0,12.8,2659,5.0,12.4,22.7,-13.0,20.1,32.2,61.0,7.3,13.5,-56.0,12.3,0.89,False,1.07,-13.0
AAPL,334.91,2026-09-18,53,380.0,2.21,221.0,13.5,14.1,4260,7.0,10.9,17.8,-18.0,18.2,27.1,59.0,6.4,8.8,-61.0,12.3,0.79,False,1.18,-18.0
AAPL,334.91,2026-09-18,53,385.0,1.74,174.0,15.0,15.5,1952,4.0,7.7,13.7,-26.0,14.5,21.5,50.0,4.9,7.1,-68.0,12.3,0.61,False,1.28,-26.0
AAPL,334.91,2026-09-18,53,390.0,1.37,137.0,16.4,16.9,5179,6.0,6.4,7.7,-34.0,12.6,15.0,38.0,3.4,4.9,-76.0,12.3,0.42,False,1.39,-34.0
AAPL,334.91,2026-09-18,53,400.0,0.85,85.0,19.4,19.7,9806,6.0,3.4,4.7,-59.0,7.5,9.8,-12.0,0.9,1.5,-89.0,12.3,0.11,False,1.6,-59.0
AAPL,334.91,2026-09-18,53,410.0,0.54,54.0,22.4,22.6,617,9.0,1.1,1.7,-82.0,2.3,3.3,-60.0,0.2,0.9,-98.0,12.3,0.03,False,1.81,-82.0
AAPL,334.91,2026-09-18,53,420.0,0.35,35.0,25.4,25.5,4261,14.0,0.4,0.6,-96.0,0.9,1.4,-92.0,0.0,0.0,-100.0,12.3,0.0,False,2.02,-96.0
AAPL,334.91,2026-09-18,53,440.0,0.2,20.0,31.4,31.4,263,45.0,0.0,0.0,-100.0,0.0,0.0,-100.0,0.0,0.0,-100.0,12.3,0.0,False,2.43,-100.0
AAPL,334.91,2026-09-18,53,450.0,0.14,14.0,34.4,34.4,1978,64.0,0.0,0.0,-100.0,0.0,0.0,-100.0,0.0,0.0,-100.0,12.3,0.0,False,2.63,-100.0
AAPL,334.91,2026-09-18,53,490.0,0.06,6.0,46.3,46.3,924,83.0,0.0,0.0,-100.0,0.0,0.0,-100.0,0.0,0.0,-100.0,12.3,0.0,False,3.39,-100.0
AAPL,334.91,2026-09-18,53,500.0,0.07,7.0,49.3,49.3,1049,71.0,0.0,0.0,-100.0,0.0,0.0,-100.0,0.0,0.0,-100.0,12.3,0.0,False,3.57,-100.0
AAPL,334.91,2026-09-18,53,510.0,0.1,10.0,52.3,52.3,322,80.0,0.0,0.0,-100.0,0.0,0.0,-100.0,0.0,0.0,-100.0,12.3,0.0,False,3.74,-100.0
AAPL,334.91,2026-09-18,53,520.0,0.14,14.0,55.3,55.3,552,93.0,0.0,0.0,-100.0,0.0,0.0,-100.0,0.0,0.0,-100.0,12.3,0.0,False,3.92,-100.0
AAPL,334.91,2026-09-18,53,600.0,0.14,14.0,79.2,79.2,1937,100.0,0.0,0.0,-100.0,0.0,0.0,-100.0,0.0,0.0,-100.0,12.3,0.0,False,5.19,-100.0
MSFT,392.99,2026-08-03,7,450.0,1.5,150.0,14.5,14.9,1453,8.0,0.0,0.0,-100.0,0.0,0.0,-100.0,0.0,0.0,-100.0,99.8,0.0,False,3.53,-100.0
MSFT,392.99,2026-08-05,9,430.0,4.25,425.0,9.4,10.5,1043,13.0,2.0,3.0,-94.0,1.2,2.4,-95.0,2.5,3.5,-93.0,83.0,2.1,False,2.32,-95.0
MSFT,392.99,2026-08-07,11,410.0,9.25,925.0,4.3,6.7,847,3.0,5.1,8.7,-80.0,4.5,8.2,-85.0,6.6,9.7,-78.0,62.0,4.1,False,1.3,-85.0
MSFT,392.99,2026-08-07,11,412.5,8.5,850.0,5.0,7.1,416,4.0,4.8,7.6,-82.0,4.1,7.0,-86.0,5.1,8.4,-80.0,62.0,3.16,False,1.38,-86.0
MSFT,392.99,2026-08-07,11,415.0,7.8,780.0,5.6,7.6,1311,4.0,4.6,7.1,-83.0,4.1,7.0,-87.0,4.8,7.6,-81.0,62.0,3.0,False,1.47,-87.0
MSFT,392.99,2026-08-07,11,420.0,6.55,655.0,6.9,8.5,2055,5.0,4.1,6.4,-84.0,3.3,6.1,-89.0,4.3,6.9,-83.0,62.0,2.68,False,1.65,-89.0
MSFT,392.99,2026-08-07,11,425.0,5.45,545.0,8.1,9.5,824,5.0,3.8,5.9,-85.0,2.9,5.7,-90.0,3.8,6.1,-84.0,62.0,2.37,False,1.83,-90.0
MSFT,392.99,2026-08-07,11,430.0,4.55,455.0,9.4,10.6,1834,4.0,3.3,4.3,-87.0,2.0,3.7,-92.0,3.8,4.8,-85.0,62.0,2.37,False,2.02,-92.0
MSFT,392.99,2026-08-07,11,435.0,3.75,375.0,10.7,11.6,718,4.0,2.8,3.1,-89.0,2.0,2.5,-94.0,3.1,3.8,-87.0,62.0,1.89,False,2.21,-94.0
MSFT,392.99,2026-08-07,11,440.0,3.1,310.0,12.0,12.8,1056,5.0,1.8,2.0,-91.0,1.2,1.6,-95.0,2.0,2.8,-89.0,62.0,1.26,False,2.41,-95.0
MSFT,392.99,2026-08-07,11,445.0,2.59,259.0,13.2,13.9,376,6.0,1.0,1.0,-93.0,0.4,0.4,-97.0,1.8,1.8,-91.0,62.0,1.1,False,2.61,-97.0
MSFT,392.99,2026-08-07,11,450.0,2.13,213.0,14.5,15.1,2337,4.0,1.0,1.0,-94.0,0.4,0.4,-98.0,1.0,1.0,-93.0,62.0,0.63,False,2.82,-98.0
MSFT,392.99,2026-08-07,11,455.0,1.75,175.0,15.8,16.2,2840,5.0,1.0,1.0,-96.0,0.4,0.4,-99.0,1.0,1.0,-95.0,62.0,0.63,False,3.02,-99.0
MSFT,392.99,2026-08-07,11,460.0,1.44,144.0,17.1,17.4,648,5.0,0.5,0.5,-98.0,0.0,0.0,-100.0,0.5,0.5,-97.0,62.0,0.32,False,3.23,-100.0
MSFT,392.99,2026-08-07,11,465.0,1.2,120.0,18.3,18.6,403,7.0,0.3,0.3,-100.0,0.0,0.0,-100.0,0.5,0.5,-99.0,62.0,0.32,False,3.43,-100.0
MSFT,392.99,2026-08-07,11,470.0,0.98,98.0,19.6,19.8,546,7.0,0.0,0.0,-100.0,0.0,0.0,-100.0,0.0,0.0,-100.0,62.0,0.0,False,3.64,-100.0
MSFT,392.99,2026-08-07,11,475.0,0.82,82.0,20.9,21.1,451,11.0,0.0,0.0,-100.0,0.0,0.0,-100.0,0.0,0.0,-100.0,62.0,0.0,False,3.84,-100.0
MSFT,392.99,2026-08-07,11,480.0,0.66,66.0,22.1,22.3,467,9.0,0.0,0.0,-100.0,0.0,0.0,-100.0,0.0,0.0,-100.0,62.0,0.0,False,4.05,-100.0
MSFT,392.99,2026-08-07,11,500.0,0.31,31.0,27.2,27.3,928,19.0,0.0,0.0,-100.0,0.0,0.0,-100.0,0.0,0.0,-100.0,62.0,0.0,False,4.85,-100.0
MSFT,392.99,2026-08-07,11,520.0,0.27,27.0,32.3,32.4,271,96.0,0.0,0.0,-100.0,0.0,0.0,-100.0,0.0,0.0,-100.0,62.0,0.0,False,5.64,-100.0
MSFT,392.99,2026-08-07,11,540.0,0.61,61.0,37.4,37.6,265,100.0,0.0,0.0,-100.0,0.0,0.0,-100.0,0.0,0.0,-100.0,62.0,0.0,False,6.41,-100.0
MSFT,392.99,2026-08-14,18,415.0,9.25,925.0,5.6,8.0,573,3.0,7.7,11.3,-69.0,6.3,11.7,-78.0,8.8,12.6,-65.0,37.8,3.31,False,1.21,-78.0
MSFT,392.99,2026-08-14,18,420.0,7.95,795.0,6.9,8.9,449,4.0,7.7,10.3,-71.0,6.3,10.5,-79.0,7.7,10.8,-67.0,37.8,2.92,False,1.34,-79.0
MSFT,392.99,2026-08-14,18,425.0,6.75,675.0,8.1,9.9,337,4.0,6.7,9.0,-72.0,5.4,9.2,-80.0,7.2,9.5,-68.0,37.8,2.73,False,1.48,-80.0
MSFT,392.99,2026-08-14,18,430.0,5.75,575.0,9.4,10.9,474,5.0,6.4,7.5,-73.0,5.4,7.1,-82.0,6.7,8.0,-69.0,37.8,2.53,False,1.63,-82.0
MSFT,392.99,2026-08-14,18,440.0,4.15,415.0,12.0,13.0,1133,5.0,4.9,5.7,-79.0,3.3,4.6,-88.0,5.7,6.7,-74.0,37.8,2.14,False,1.93,-88.0
MSFT,392.99,2026-08-14,18,445.0,3.5,350.0,13.2,14.1,271,6.0,4.1,5.2,-83.0,2.5,4.2,-92.0,4.6,5.4,-78.0,37.8,1.75,False,2.08,-92.0
MSFT,392.99,2026-08-14,18,450.0,2.96,296.0,14.5,15.3,1005,5.0,3.4,4.6,-87.0,1.3,3.3,-95.0,3.9,4.9,-82.0,37.8,1.46,False,2.24,-95.0
MSFT,392.99,2026-08-14,18,455.0,2.57,257.0,15.8,16.4,254,9.0,1.8,2.1,-91.0,0.8,1.3,-97.0,2.8,3.9,-87.0,37.8,1.07,False,2.4,-97.0
MSFT,392.99,2026-08-14,18,460.0,2.13,213.0,17.1,17.6,388,8.0,1.5,1.5,-94.0,0.8,0.8,-99.0,1.5,1.8,-91.0,37.8,0.58,False,2.55,-99.0
MSFT,392.99,2026-08-14,18,465.0,1.84,184.0,18.3,18.8,443,13.0,0.8,0.8,-96.0,0.0,0.0,-100.0,0.8,1.0,-94.0,37.8,0.29,False,2.71,-100.0
MSFT,392.99,2026-08-14,18,470.0,1.52,152.0,19.6,20.0,281,6.0,0.5,0.5,-98.0,0.0,0.0,-100.0,0.8,0.8,-96.0,37.8,0.29,False,2.87,-100.0
MSFT,392.99,2026-08-14,18,475.0,1.3,130.0,20.9,21.2,381,8.0,0.3,0.3,-99.0,0.0,0.0,-100.0,0.3,0.3,-98.0,37.8,0.1,False,3.03,-100.0
MSFT,392.99,2026-08-14,18,500.0,0.58,58.0,27.2,27.4,423,16.0,0.0,0.0,-100.0,0.0,0.0,-100.0,0.0,0.0,-100.0,37.8,0.0,False,3.81,-100.0
MSFT,392.99,2026-08-21,25,420.0,9.05,905.0,6.9,9.2,18563,3.0,9.4,13.6,-64.0,7.7,14.5,-79.0,9.9,14.6,-58.0,27.0,2.68,False,1.18,-79.0
MSFT,392.99,2026-08-21,25,425.0,7.85,785.0,8.1,10.1,3668,4.0,8.6,11.5,-65.0,6.4,11.1,-82.0,9.4,13.1,-60.0,27.0,2.54,False,1.29,-82.0
MSFT,392.99,2026-08-21,25,430.0,6.8,680.0,9.4,11.1,13693,4.0,7.3,10.4,-67.0,4.7,9.4,-85.0,8.6,11.0,-61.0,27.0,2.33,False,1.42,-85.0
MSFT,392.99,2026-08-21,25,435.0,5.85,585.0,10.7,12.2,3714,3.0,6.3,9.1,-69.0,3.0,7.7,-88.0,7.3,9.9,-63.0,27.0,1.97,False,1.54,-88.0
MSFT,392.99,2026-08-21,25,440.0,5.0,500.0,12.0,13.2,12839,4.0,5.7,7.8,-71.0,3.0,6.4,-90.0,6.3,8.6,-65.0,27.0,1.69,False,1.66,-90.0
MSFT,392.99,2026-08-21,25,445.0,4.35,435.0,13.2,14.3,3440,3.0,4.7,6.8,-74.0,2.1,4.7,-93.0,5.7,7.8,-68.0,27.0,1.55,False,1.8,-93.0
MSFT,392.99,2026-08-21,25,450.0,3.75,375.0,14.5,15.5,49523,4.0,4.4,6.5,-77.0,1.7,4.7,-95.0,4.7,6.5,-71.0,27.0,1.27,False,1.93,-95.0
MSFT,392.99,2026-08-21,25,455.0,3.25,325.0,15.8,16.6,6752,5.0,2.9,4.4,-80.0,0.9,2.6,-97.0,4.2,6.3,-74.0,27.0,1.13,False,2.06,-97.0
MSFT,392.99,2026-08-21,25,460.0,2.77,277.0,17.1,17.8,75492,4.0,2.9,3.1,-83.0,0.9,1.3,-98.0,2.9,4.2,-77.0,27.0,0.78,False,2.19,-98.0
MSFT,392.99,2026-08-21,25,465.0,2.48,248.0,18.3,19.0,3564,7.0,1.8,2.3,-86.0,0.0,0.9,-100.0,2.9,3.1,-81.0,27.0,0.78,False,2.33,-100.0
MSFT,392.99,2026-08-21,25,470.0,2.09,209.0,19.6,20.1,17322,3.0,1.8,2.3,-88.0,0.0,0.9,-100.0,1.8,2.3,-84.0,27.0,0.49,False,2.46,-100.0
MSFT,392.99,2026-08-21,25,475.0,1.83,183.0,20.9,21.3,3066,4.0,1.6,1.8,-91.0,0.0,0.4,-100.0,1.8,2.3,-87.0,27.0,0.49,False,2.59,-100.0
MSFT,392.99,2026-08-21,25,480.0,1.6,160.0,22.1,22.5,71327,6.0,1.3,1.3,-95.0,0.0,0.0,-100.0,1.6,1.6,-91.0,27.0,0.42,False,2.72,-100.0
MSFT,392.99,2026-08-21,25,485.0,1.39,139.0,23.4,23.8,1305,6.0,0.5,0.5,-98.0,0.0,0.0,-100.0,1.0,1.0,-94.0,27.0,0.28,False,2.86,-100.0
MSFT,392.99,2026-08-21,25,490.0,1.22,122.0,24.7,25.0,6810,5.0,0.3,0.3,-99.0,0.0,0.0,-100.0,0.5,0.5,-97.0,27.0,0.14,False,2.99,-100.0
MSFT,392.99,2026-08-21,25,495.0,1.07,107.0,26.0,26.2,904,7.0,0.0,0.0,-100.0,0.0,0.0,-100.0,0.3,0.3,-99.0,27.0,0.07,False,3.12,-100.0
MSFT,392.99,2026-08-21,25,500.0,0.93,93.0,27.2,27.5,140963,2.0,0.0,0.0,-100.0,0.0,0.0,-100.0,0.0,0.0,-100.0,27.0,0.0,False,3.25,-100.0
MSFT,392.99,2026-08-21,25,505.0,0.84,84.0,28.5,28.7,2168,7.0,0.0,0.0,-100.0,0.0,0.0,-100.0,0.0,0.0,-100.0,27.0,0.0,False,3.38,-100.0
MSFT,392.99,2026-08-21,25,510.0,0.74,74.0,29.8,30.0,7247,7.0,0.0,0.0,-100.0,0.0,0.0,-100.0,0.0,0.0,-100.0,27.0,0.0,False,3.51,-100.0
MSFT,392.99,2026-08-21,25,515.0,0.66,66.0,31.0,31.2,2627,8.0,0.0,0.0,-100.0,0.0,0.0,-100.0,0.0,0.0,-100.0,27.0,0.0,False,3.64,-100.0
MSFT,392.99,2026-08-21,25,520.0,0.59,59.0,32.3,32.5,3951,8.0,0.0,0.0,-100.0,0.0,0.0,-100.0,0.0,0.0,-100.0,27.0,0.0,False,3.77,-100.0
MSFT,392.99,2026-08-21,25,525.0,0.5,50.0,33.6,33.7,1317,4.0,0.0,0.0,-100.0,0.0,0.0,-100.0,0.0,0.0,-100.0,27.0,0.0,False,3.89,-100.0
MSFT,392.99,2026-08-21,25,530.0,0.48,48.0,34.9,35.0,1364,10.0,0.0,0.0,-100.0,0.0,0.0,-100.0,0.0,0.0,-100.0,27.0,0.0,False,4.02,-100.0
MSFT,392.99,2026-08-21,25,535.0,0.43,43.0,36.1,36.2,306,12.0,0.0,0.0,-100.0,0.0,0.0,-100.0,0.0,0.0,-100.0,27.0,0.0,False,4.14,-100.0
MSFT,392.99,2026-08-21,25,540.0,0.39,39.0,37.4,37.5,2520,13.0,0.0,0.0,-100.0,0.0,0.0,-100.0,0.0,0.0,-100.0,27.0,0.0,False,4.27,-100.0
MSFT,392.99,2026-08-21,25,545.0,0.36,36.0,38.7,38.8,402,17.0,0.0,0.0,-100.0,0.0,0.0,-100.0,0.0,0.0,-100.0,27.0,0.0,False,4.39,-100.0
MSFT,392.99,2026-08-21,25,550.0,0.32,32.0,40.0,40.0,5795,16.0,0.0,0.0,-100.0,0.0,0.0,-100.0,0.0,0.0,-100.0,27.0,0.0,False,4.51,-100.0
MSFT,392.99,2026-08-21,25,555.0,0.3,30.0,41.2,41.3,366,33.0,0.0,0.0,-100.0,0.0,0.0,-100.0,0.0,0.0,-100.0,27.0,0.0,False,4.63,-100.0
MSFT,392.99,2026-08-21,25,560.0,0.29,29.0,42.5,42.6,1629,41.0,0.0,0.0,-100.0,0.0,0.0,-100.0,0.0,0.0,-100.0,27.0,0.0,False,4.75,-100.0
MSFT,392.99,2026-08-21,25,565.0,0.27,27.0,43.8,43.8,364,44.0,0.0,0.0,-100.0,0.0,0.0,-100.0,0.0,0.0,-100.0,27.0,0.0,False,4.87,-100.0
MSFT,392.99,2026-08-21,25,570.0,0.3,30.0,45.0,45.1,3312,73.0,0.0,0.0,-100.0,0.0,0.0,-100.0,0.0,0.0,-100.0,27.0,0.0,False,4.99,-100.0
MSFT,392.99,2026-08-21,25,580.0,0.23,23.0,47.6,47.6,1761,70.0,0.0,0.0,-100.0,0.0,0.0,-100.0,0.0,0.0,-100.0,27.0,0.0,False,5.22,-100.0
MSFT,392.99,2026-08-21,25,590.0,0.16,16.0,50.1,50.2,2478,50.0,0.0,0.0,-100.0,0.0,0.0,-100.0,0.0,0.0,-100.0,27.0,0.0,False,5.45,-100.0
MSFT,392.99,2026-08-21,25,600.0,0.19,19.0,52.7,52.7,6029,74.0,0.0,0.0,-100.0,0.0,0.0,-100.0,0.0,0.0,-100.0,27.0,0.0,False,5.67,-100.0
MSFT,392.99,2026-08-21,25,610.0,0.2,20.0,55.2,55.3,506,70.0,0.0,0.0,-100.0,0.0,0.0,-100.0,0.0,0.0,-100.0,27.0,0.0,False,5.89,-100.0
MSFT,392.99,2026-08-21,25,615.0,0.2,20.0,56.5,56.5,253,90.0,0.0,0.0,-100.0,0.0,0.0,-100.0,0.0,0.0,-100.0,27.0,0.0,False,6.0,-100.0
MSFT,392.99,2026-08-21,25,620.0,0.11,11.0,57.8,57.8,1155,55.0,0.0,0.0,-100.0,0.0,0.0,-100.0,0.0,0.0,-100.0,27.0,0.0,False,6.11,-100.0
MSFT,392.99,2026-08-21,25,630.0,0.17,17.0,60.3,60.4,311,94.0,0.0,0.0,-100.0,0.0,0.0,-100.0,0.0,0.0,-100.0,27.0,0.0,False,6.33,-100.0
MSFT,392.99,2026-08-21,25,640.0,0.13,13.0,62.9,62.9,269,69.0,0.0,0.0,-100.0,0.0,0.0,-100.0,0.0,0.0,-100.0,27.0,0.0,False,6.54,-100.0
MSFT,392.99,2026-08-21,25,650.0,0.1,10.0,65.4,65.4,555,90.0,0.0,0.0,-100.0,0.0,0.0,-100.0,0.0,0.0,-100.0,27.0,0.0,False,6.74,-100.0
MSFT,392.99,2026-08-21,25,680.0,0.13,13.0,73.0,73.1,891,92.0,0.0,0.0,-100.0,0.0,0.0,-100.0,0.0,0.0,-100.0,27.0,0.0,False,7.35,-100.0
MSFT,392.99,2026-08-21,25,700.0,0.1,10.0,78.1,78.1,1036,90.0,0.0,0.0,-100.0,0.0,0.0,-100.0,0.0,0.0,-100.0,27.0,0.0,False,7.73,-100.0
MSFT,392.99,2026-08-21,25,720.0,0.09,9.0,83.2,83.2,820,89.0,0.0,0.0,-100.0,0.0,0.0,-100.0,0.0,0.0,-100.0,27.0,0.0,False,8.11,-100.0
MSFT,392.99,2026-08-21,25,740.0,0.25,25.0,88.3,88.4,814,96.0,0.0,0.0,-100.0,0.0,0.0,-100.0,0.0,0.0,-100.0,27.0,0.0,False,8.48,-100.0
MSFT,392.99,2026-08-28,32,425.0,8.8,880.0,8.1,10.4,922,4.0,9.3,14.0,-62.0,5.2,12.7,-88.0,10.6,15.1,-54.0,20.9,2.21,False,1.17,-88.0
MSFT,392.99,2026-08-28,32,435.0,6.8,680.0,10.7,12.4,1812,7.0,7.4,11.1,-67.0,2.6,8.7,-93.0,8.7,11.9,-60.0,20.9,1.83,False,1.39,-93.0
MSFT,392.99,2026-08-28,32,440.0,5.95,595.0,12.0,13.5,785,8.0,6.9,9.5,-69.0,2.2,6.1,-95.0,7.7,10.8,-62.0,20.9,1.6,False,1.5,-95.0
MSFT,392.99,2026-08-28,32,450.0,4.5,450.0,14.5,15.7,380,8.0,5.6,8.2,-75.0,0.9,5.2,-99.0,6.1,8.7,-67.0,20.9,1.27,False,1.72,-99.0
MSFT,392.99,2026-08-28,32,465.0,3.15,315.0,18.3,19.1,600,19.0,2.1,2.6,-85.0,0.0,0.9,-100.0,2.9,3.7,-80.0,20.9,0.61,False,2.07,-100.0
MSFT,392.99,2026-08-28,32,480.0,2.03,203.0,22.1,22.7,251,14.0,1.6,1.6,-93.0,0.0,0.0,-100.0,2.1,2.1,-88.0,20.9,0.44,False,2.42,-100.0
MSFT,392.99,2026-08-28,32,500.0,1.15,115.0,27.2,27.5,418,11.0,0.0,0.3,-100.0,0.0,0.0,-100.0,0.5,0.5,-98.0,20.9,0.11,False,2.88,-100.0
MSFT,392.99,2026-09-18,53,435.0,9.7,970.0,10.7,13.2,349,3.0,14.9,17.9,-45.0,4.7,7.9,-87.0,18.5,22.6,-26.0,12.3,2.26,False,1.14,-87.0
MSFT,392.99,2026-09-18,53,440.0,8.65,865.0,12.0,14.2,14071,3.0,12.1,14.6,-49.0,4.2,7.0,-89.0,16.5,19.6,-31.0,12.3,2.03,False,1.22,-89.0
MSFT,392.99,2026-09-18,53,445.0,7.7,770.0,13.2,15.2,1135,4.0,10.5,12.9,-53.0,2.8,7.0,-91.0,14.9,17.4,-35.0,12.3,1.82,False,1.3,-91.0
MSFT,392.99,2026-09-18,53,450.0,6.85,685.0,14.5,16.3,32211,4.0,8.8,11.3,-57.0,2.3,6.1,-93.0,12.1,14.3,-40.0,12.3,1.49,False,1.39,-93.0
MSFT,392.99,2026-09-18,53,455.0,6.25,625.0,15.8,17.4,2527,6.0,7.7,9.4,-61.0,1.9,4.2,-95.0,10.5,12.4,-46.0,12.3,1.28,False,1.48,-95.0
MSFT,392.99,2026-09-18,53,460.0,5.4,540.0,17.1,18.4,11354,5.0,6.9,8.5,-63.0,0.9,3.7,-96.0,8.8,10.5,-48.0,12.3,1.08,False,1.56,-96.0
MSFT,392.99,2026-09-18,53,465.0,4.85,485.0,18.3,19.6,814,5.0,6.6,8.3,-66.0,0.9,3.7,-97.0,7.4,8.8,-52.0,12.3,0.91,False,1.65,-97.0
MSFT,392.99,2026-09-18,53,470.0,4.3,430.0,19.6,20.7,10335,6.0,5.5,7.2,-70.0,0.9,2.8,-98.0,6.9,8.5,-56.0,12.3,0.84,False,1.73,-98.0
MSFT,392.99,2026-09-18,53,475.0,3.8,380.0,20.9,21.8,1607,5.0,4.7,6.1,-74.0,0.5,1.9,-99.0,6.3,7.7,-59.0,12.3,0.78,False,1.82,-99.0
MSFT,392.99,2026-09-18,53,480.0,3.4,340.0,22.1,23.0,10351,6.0,3.6,4.7,-78.0,0.5,1.9,-99.0,5.2,6.6,-64.0,12.3,0.64,False,1.91,-99.0
MSFT,392.99,2026-09-18,53,485.0,3.1,310.0,23.4,24.2,436,7.0,3.0,3.0,-82.0,0.0,0.0,-100.0,4.4,5.8,-69.0,12.3,0.54,False,2.0,-100.0
MSFT,392.99,2026-09-18,53,490.0,2.69,269.0,24.7,25.4,6011,4.0,2.2,2.2,-85.0,0.0,0.0,-100.0,3.6,4.4,-73.0,12.3,0.44,False,2.08,-100.0
MSFT,392.99,2026-09-18,53,500.0,2.16,216.0,27.2,27.8,21571,5.0,1.7,1.9,-91.0,0.0,0.0,-100.0,2.2,2.2,-82.0,12.3,0.27,False,2.26,-100.0
MSFT,392.99,2026-09-18,53,505.0,1.92,192.0,28.5,29.0,395,4.0,1.4,1.4,-94.0,0.0,0.0,-100.0,2.2,2.2,-85.0,12.3,0.27,False,2.35,-100.0
MSFT,392.99,2026-09-18,53,510.0,1.72,172.0,29.8,30.2,6927,5.0,0.8,0.8,-97.0,0.0,0.0,-100.0,1.7,1.9,-89.0,12.3,0.2,False,2.43,-100.0
MSFT,392.99,2026-09-18,53,515.0,1.55,155.0,31.0,31.4,303,5.0,0.3,0.3,-99.0,0.0,0.0,-100.0,1.4,1.4,-93.0,12.3,0.17,False,2.52,-100.0
MSFT,392.99,2026-09-18,53,520.0,1.4,140.0,32.3,32.7,13630,6.0,0.0,0.3,-100.0,0.0,0.0,-100.0,0.8,0.8,-97.0,12.3,0.1,False,2.61,-100.0
MSFT,392.99,2026-09-18,53,525.0,1.26,126.0,33.6,33.9,1140,6.0,0.0,0.0,-100.0,0.0,0.0,-100.0,0.3,0.3,-99.0,12.3,0.03,False,2.69,-100.0
MSFT,392.99,2026-09-18,53,530.0,1.13,113.0,34.9,35.2,22977,5.0,0.0,0.0,-100.0,0.0,0.0,-100.0,0.0,0.3,-100.0,12.3,0.0,False,2.78,-100.0
MSFT,392.99,2026-09-18,53,535.0,1.06,106.0,36.1,36.4,274,9.0,0.0,0.0,-100.0,0.0,0.0,-100.0,0.0,0.0,-100.0,12.3,0.0,False,2.86,-100.0
MSFT,392.99,2026-09-18,53,540.0,0.93,93.0,37.4,37.6,3639,6.0,0.0,0.0,-100.0,0.0,0.0,-100.0,0.0,0.0,-100.0,12.3,0.0,False,2.95,-100.0
MSFT,392.99,2026-09-18,53,550.0,0.77,77.0,40.0,40.2,6734,8.0,0.0,0.0,-100.0,0.0,0.0,-100.0,0.0,0.0,-100.0,12.3,0.0,False,3.11,-100.0
MSFT,392.99,2026-09-18,53,560.0,0.65,65.0,42.5,42.7,2658,9.0,0.0,0.0,-100.0,0.0,0.0,-100.0,0.0,0.0,-100.0,12.3,0.0,False,3.28,-100.0
MSFT,392.99,2026-09-18,53,570.0,0.54,54.0,45.0,45.2,1726,11.0,0.0,0.0,-100.0,0.0,0.0,-100.0,0.0,0.0,-100.0,12.3,0.0,False,3.44,-100.0
MSFT,392.99,2026-09-18,53,580.0,0.46,46.0,47.6,47.7,8988,13.0,0.0,0.0,-100.0,0.0,0.0,-100.0,0.0,0.0,-100.0,12.3,0.0,False,3.6,-100.0
MSFT,392.99,2026-09-18,53,590.0,0.39,39.0,50.1,50.2,2106,15.0,0.0,0.0,-100.0,0.0,0.0,-100.0,0.0,0.0,-100.0,12.3,0.0,False,3.75,-100.0
MSFT,392.99,2026-09-18,53,600.0,0.34,34.0,52.7,52.8,6555,18.0,0.0,0.0,-100.0,0.0,0.0,-100.0,0.0,0.0,-100.0,12.3,0.0,False,3.91,-100.0
MSFT,392.99,2026-09-18,53,610.0,0.53,53.0,55.2,55.4,3049,72.0,0.0,0.0,-100.0,0.0,0.0,-100.0,0.0,0.0,-100.0,12.3,0.0,False,4.06,-100.0
MSFT,392.99,2026-09-18,53,620.0,0.52,52.0,57.8,57.9,1108,98.0,0.0,0.0,-100.0,0.0,0.0,-100.0,0.0,0.0,-100.0,12.3,0.0,False,4.21,-100.0
MSFT,392.99,2026-09-18,53,630.0,0.29,29.0,60.3,60.4,659,79.0,0.0,0.0,-100.0,0.0,0.0,-100.0,0.0,0.0,-100.0,12.3,0.0,False,4.36,-100.0
MSFT,392.99,2026-09-18,53,640.0,0.23,23.0,62.9,62.9,1139,43.0,0.0,0.0,-100.0,0.0,0.0,-100.0,0.0,0.0,-100.0,12.3,0.0,False,4.5,-100.0
MSFT,392.99,2026-09-18,53,650.0,0.24,24.0,65.4,65.5,3625,33.0,0.0,0.0,-100.0,0.0,0.0,-100.0,0.0,0.0,-100.0,12.3,0.0,False,4.64,-100.0
MSFT,392.99,2026-09-18,53,660.0,0.25,25.0,67.9,68.0,409,76.0,0.0,0.0,-100.0,0.0,0.0,-100.0,0.0,0.0,-100.0,12.3,0.0,False,4.78,-100.0
MSFT,392.99,2026-09-18,53,670.0,0.21,21.0,70.5,70.5,469,95.0,0.0,0.0,-100.0,0.0,0.0,-100.0,0.0,0.0,-100.0,12.3,0.0,False,4.92,-100.0
MSFT,392.99,2026-09-18,53,680.0,0.22,22.0,73.0,73.1,3264,95.0,0.0,0.0,-100.0,0.0,0.0,-100.0,0.0,0.0,-100.0,12.3,0.0,False,5.06,-100.0
MSFT,392.99,2026-09-18,53,700.0,0.2,20.0,78.1,78.2,1432,75.0,0.0,0.0,-100.0,0.0,0.0,-100.0,0.0,0.0,-100.0,12.3,0.0,False,5.32,-100.0
MSFT,392.99,2026-09-18,53,740.0,0.18,18.0,88.3,88.3,622,72.0,0.0,0.0,-100.0,0.0,0.0,-100.0,0.0,0.0,-100.0,12.3,0.0,False,5.84,-100.0
MSFT,392.99,2026-09-18,53,760.0,0.09,9.0,93.4,93.4,707,44.0,0.0,0.0,-100.0,0.0,0.0,-100.0,0.0,0.0,-100.0,12.3,0.0,False,6.08,-100.0
MSFT,392.99,2026-09-18,53,800.0,0.13,13.0,103.6,103.6,10331,69.0,0.0,0.0,-100.0,0.0,0.0,-100.0,0.0,0.0,-100.0,12.3,0.0,False,6.55,-100.0
GOOGL,325.88,2026-08-03,7,330.0,4.55,455.0,1.3,2.7,811,14.0,30.1,40.3,8.0,32.4,41.3,27.0,26.7,36.1,-7.0,99.8,26.6,True,0.58,8.0
GOOGL,325.88,2026-08-03,7,347.5,0.71,71.0,6.6,6.9,417,13.0,9.4,10.8,23.0,12.1,13.0,87.0,7.4,8.6,6.0,99.8,7.4,True,1.47,23.0
GOOGL,325.88,2026-08-03,7,350.0,0.59,59.0,7.4,7.6,608,32.0,7.0,7.6,12.0,9.7,10.5,76.0,6.6,7.2,-4.0,99.8,6.6,True,1.62,12.0
GOOGL,325.88,2026-08-03,7,360.0,0.29,29.0,10.5,10.6,354,38.0,3.2,3.4,-44.0,5.3,5.3,-4.0,3.0,3.4,-56.0,99.8,3.0,False,2.22,-44.0
GOOGL,325.88,2026-08-03,7,405.0,0.09,9.0,24.3,24.3,267,89.0,0.0,0.0,-100.0,0.0,0.0,-100.0,0.0,0.0,-100.0,99.8,0.0,False,4.81,-100.0
GOOGL,325.88,2026-08-05,9,400.0,0.39,39.0,22.7,22.9,318,95.0,0.0,0.0,-100.0,0.0,0.0,-100.0,0.0,0.0,-100.0,83.0,0.0,False,4.16,-100.0
GOOGL,325.88,2026-08-07,11,330.0,6.0,600.0,1.3,3.1,702,3.0,34.1,46.4,19.0,38.5,49.2,53.0,28.0,40.3,-2.0,62.0,17.38,True,0.53,19.0
GOOGL,325.88,2026-08-07,11,335.0,4.15,415.0,2.8,4.1,549,2.0,27.4,34.3,20.0,32.8,38.1,65.0,22.6,29.6,-1.0,62.0,14.0,True,0.7,20.0
GOOGL,325.88,2026-08-07,11,340.0,2.77,277.0,4.3,5.2,1297,3.0,20.8,27.8,24.0,26.6,29.9,82.0,16.5,23.4,1.0,62.0,10.25,True,0.88,24.0
GOOGL,325.88,2026-08-07,11,345.0,1.84,184.0,5.9,6.4,325,5.0,13.9,19.2,27.0,18.4,23.4,99.0,12.3,16.7,6.0,62.0,7.62,True,1.09,27.0
GOOGL,325.88,2026-08-07,11,350.0,1.2,120.0,7.4,7.8,1757,3.0,11.1,12.9,37.0,16.0,17.2,127.0,9.7,11.5,14.0,62.0,6.0,True,1.31,37.0
GOOGL,325.88,2026-08-07,11,352.5,1.01,101.0,8.2,8.5,257,9.0,9.7,10.9,35.0,14.8,15.6,130.0,8.9,10.1,11.0,62.0,5.5,True,1.42,35.0
GOOGL,325.88,2026-08-07,11,355.0,0.82,82.0,8.9,9.2,409,9.0,9.1,10.1,36.0,14.3,14.8,138.0,8.1,9.3,10.0,62.0,5.0,True,1.54,36.0
GOOGL,325.88,2026-08-07,11,357.5,0.66,66.0,9.7,9.9,395,8.0,8.1,9.1,36.0,13.1,13.9,141.0,7.3,8.3,8.0,62.0,4.5,False,1.65,36.0
GOOGL,325.88,2026-08-07,11,360.0,0.54,54.0,10.5,10.6,2214,7.0,7.3,8.1,30.0,12.7,13.5,134.0,6.5,7.9,-1.0,62.0,4.0,False,1.77,30.0
GOOGL,325.88,2026-08-07,11,362.5,0.52,52.0,11.2,11.4,712,29.0,6.5,7.9,2.0,11.5,13.1,84.0,5.4,7.3,-27.0,62.0,3.38,False,1.89,2.0
GOOGL,325.88,2026-08-07,11,365.0,0.47,47.0,12.0,12.1,1988,28.0,5.4,6.7,-21.0,9.8,11.1,44.0,4.2,5.2,-47.0,62.0,2.62,False,2.0,-21.0
GOOGL,325.88,2026-08-07,11,367.5,0.36,36.0,12.8,12.9,655,19.0,4.2,5.2,-33.0,7.8,9.0,24.0,2.8,4.4,-55.0,62.0,1.75,False,2.12,-33.0
GOOGL,325.88,2026-08-07,11,370.0,0.29,29.0,13.5,13.6,714,17.0,2.8,4.0,-46.0,5.3,6.6,0.0,2.2,2.4,-66.0,62.0,1.38,False,2.23,-46.0
GOOGL,325.88,2026-08-07,11,375.0,0.22,22.0,15.1,15.1,713,18.0,1.8,1.8,-80.0,3.3,3.3,-64.0,0.8,1.0,-96.0,62.0,0.5,False,2.46,-80.0
GOOGL,325.88,2026-08-07,11,380.0,0.16,16.0,16.6,16.7,1784,12.0,0.0,0.2,-100.0,0.0,0.4,-100.0,0.0,0.0,-100.0,62.0,0.0,False,2.69,-100.0
GOOGL,325.88,2026-08-07,11,385.0,0.18,18.0,18.1,18.2,350,44.0,0.0,0.0,-100.0,0.0,0.0,-100.0,0.0,0.0,-100.0,62.0,0.0,False,2.92,-100.0
GOOGL,325.88,2026-08-07,11,390.0,0.11,11.0,19.7,19.7,541,27.0,0.0,0.0,-100.0,0.0,0.0,-100.0,0.0,0.0,-100.0,62.0,0.0,False,3.14,-100.0
GOOGL,325.88,2026-08-07,11,395.0,0.15,15.0,21.2,21.3,307,47.0,0.0,0.0,-100.0,0.0,0.0,-100.0,0.0,0.0,-100.0,62.0,0.0,False,3.37,-100.0
GOOGL,325.88,2026-08-07,11,400.0,0.09,9.0,22.7,22.8,1780,33.0,0.0,0.0,-100.0,0.0,0.0,-100.0,0.0,0.0,-100.0,62.0,0.0,False,3.59,-100.0
GOOGL,325.88,2026-08-07,11,405.0,0.1,10.0,24.3,24.3,297,60.0,0.0,0.0,-100.0,0.0,0.0,-100.0,0.0,0.0,-100.0,62.0,0.0,False,3.8,-100.0
GOOGL,325.88,2026-08-07,11,415.0,0.08,8.0,27.3,27.4,1559,50.0,0.0,0.0,-100.0,0.0,0.0,-100.0,0.0,0.0,-100.0,62.0,0.0,False,4.23,-100.0
GOOGL,325.88,2026-08-07,11,420.0,0.06,6.0,28.9,28.9,1060,50.0,0.0,0.0,-100.0,0.0,0.0,-100.0,0.0,0.0,-100.0,62.0,0.0,False,4.44,-100.0
GOOGL,325.88,2026-08-07,11,440.0,0.17,17.0,35.0,35.1,256,94.0,0.0,0.0,-100.0,0.0,0.0,-100.0,0.0,0.0,-100.0,62.0,0.0,False,5.25,-100.0
GOOGL,325.88,2026-08-14,18,330.0,8.05,805.0,1.3,3.7,258,5.0,38.1,54.2,36.0,43.5,57.3,81.0,29.7,44.2,9.0,37.8,11.23,True,0.5,36.0
GOOGL,325.88,2026-08-14,18,335.0,6.1,610.0,2.8,4.7,379,7.0,33.0,44.4,41.0,39.7,48.1,96.0,24.8,36.3,12.0,37.8,9.38,True,0.63,41.0
GOOGL,325.88,2026-08-14,18,340.0,4.55,455.0,4.3,5.7,462,10.0,27.1,36.5,47.0,33.9,43.1,115.0,22.0,29.5,16.0,37.8,8.31,True,0.76,47.0
GOOGL,325.88,2026-08-14,18,345.0,3.15,315.0,5.9,6.8,356,7.0,23.4,29.7,64.0,31.0,36.0,151.0,20.0,23.6,29.0,37.8,7.54,True,0.91,64.0
GOOGL,325.88,2026-08-14,18,350.0,2.19,219.0,7.4,8.1,575,6.0,20.6,23.2,81.0,28.0,30.1,191.0,17.5,19.8,39.0,37.8,6.62,True,1.06,81.0
GOOGL,325.88,2026-08-14,18,355.0,1.63,163.0,8.9,9.4,290,11.0,17.7,19.3,81.0,26.4,28.0,206.0,13.2,15.9,34.0,37.8,5.0,True,1.24,81.0
GOOGL,325.88,2026-08-14,18,360.0,1.16,116.0,10.5,10.8,419,12.0,13.2,15.7,81.0,20.9,24.3,221.0,11.0,13.4,31.0,37.8,4.15,False,1.41,81.0
GOOGL,325.88,2026-08-14,18,365.0,0.83,83.0,12.0,12.3,492,12.0,10.8,12.8,76.0,18.8,20.9,224.0,8.8,11.2,21.0,37.8,3.31,False,1.59,76.0
GOOGL,325.88,2026-08-14,18,370.0,0.6,60.0,13.5,13.7,456,15.0,8.4,10.6,57.0,15.1,17.6,198.0,6.1,8.6,1.0,37.8,2.31,False,1.76,57.0
GOOGL,325.88,2026-08-14,18,375.0,0.48,48.0,15.1,15.2,382,21.0,5.9,7.5,18.0,10.5,13.0,129.0,3.3,4.9,-25.0,37.8,1.23,False,1.94,18.0
GOOGL,325.88,2026-08-14,18,380.0,0.35,35.0,16.6,16.7,1270,14.0,3.1,3.9,-5.0,6.3,7.5,95.0,2.2,3.5,-39.0,37.8,0.85,False,2.12,-5.0
GOOGL,325.88,2026-08-14,18,390.0,0.23,23.0,19.7,19.7,380,22.0,1.8,2.0,-59.0,3.8,4.2,-17.0,0.8,0.8,-82.0,37.8,0.31,False,2.47,-59.0
GOOGL,325.88,2026-08-14,18,395.0,0.22,22.0,21.2,21.3,251,73.0,0.6,0.6,-84.0,1.3,1.3,-67.0,0.2,0.4,-93.0,37.8,0.08,False,2.64,-84.0
GOOGL,325.88,2026-08-14,18,400.0,0.17,17.0,22.7,22.8,877,29.0,0.2,0.4,-91.0,0.4,0.8,-82.0,0.2,0.2,-96.0,37.8,0.08,False,2.82,-91.0
GOOGL,325.88,2026-08-14,18,405.0,0.16,16.0,24.3,24.3,539,38.0,0.2,0.2,-97.0,0.4,0.4,-94.0,0.0,0.0,-100.0,37.8,0.0,False,2.99,-97.0
GOOGL,325.88,2026-08-14,18,415.0,0.1,10.0,27.3,27.4,1192,50.0,0.0,0.0,-100.0,0.0,0.0,-100.0,0.0,0.0,-100.0,37.8,0.0,False,3.32,-100.0
GOOGL,325.88,2026-08-14,18,420.0,0.12,12.0,28.9,28.9,269,42.0,0.0,0.0,-100.0,0.0,0.0,-100.0,0.0,0.0,-100.0,37.8,0.0,False,3.48,-100.0
GOOGL,325.88,2026-08-14,18,430.0,0.08,8.0,32.0,32.0,420,38.0,0.0,0.0,-100.0,0.0,0.0,-100.0,0.0,0.0,-100.0,37.8,0.0,False,3.8,-100.0
GOOGL,325.88,2026-08-14,18,455.0,0.23,23.0,39.6,39.7,265,96.0,0.0,0.0,-100.0,0.0,0.0,-100.0,0.0,0.0,-100.0,37.8,0.0,False,4.58,-100.0
GOOGL,325.88,2026-08-21,25,330.0,9.35,935.0,1.3,4.1,3195,3.0,44.4,59.1,58.0,50.0,62.8,113.0,36.4,49.8,22.0,27.0,9.83,True,0.47,58.0
GOOGL,325.88,2026-08-21,25,332.5,8.25,825.0,2.0,4.6,330,4.0,42.4,54.9,63.0,48.3,59.0,124.0,34.4,46.1,25.0,27.0,9.28,True,0.52,63.0
GOOGL,325.88,2026-08-21,25,335.0,7.25,725.0,2.8,5.0,4972,3.0,39.7,52.5,68.0,45.7,56.4,136.0,33.1,44.9,27.0,27.0,8.94,True,0.57,68.0
GOOGL,325.88,2026-08-21,25,337.5,6.35,635.0,3.6,5.5,475,3.0,38.5,50.6,73.0,44.0,54.7,149.0,32.1,41.8,30.0,27.0,8.67,True,0.63,73.0
GOOGL,325.88,2026-08-21,25,340.0,5.55,555.0,4.3,6.0,4874,4.0,37.0,46.7,78.0,43.6,52.6,162.0,30.0,37.2,32.0,27.0,8.11,True,0.68,78.0
GOOGL,325.88,2026-08-21,25,342.5,4.85,485.0,5.1,6.6,601,4.0,34.6,42.8,83.0,42.3,50.0,175.0,27.6,34.8,33.0,27.0,7.44,True,0.74,83.0
GOOGL,325.88,2026-08-21,25,345.0,4.2,420.0,5.9,7.2,5080,4.0,33.1,39.7,88.0,41.0,46.6,191.0,26.5,32.7,35.0,27.0,7.17,True,0.81,88.0
GOOGL,325.88,2026-08-21,25,347.5,3.65,365.0,6.6,7.8,3268,4.0,31.3,35.8,92.0,38.5,44.0,206.0,22.0,29.0,35.0,27.0,5.94,True,0.87,92.0
GOOGL,325.88,2026-08-21,25,350.0,3.15,315.0,7.4,8.4,16638,3.0,29.0,34.0,96.0,37.2,42.7,222.0,20.4,26.5,35.0,27.0,5.5,True,0.94,96.0
GOOGL,325.88,2026-08-21,25,352.5,2.72,272.0,8.2,9.0,340,5.0,26.7,31.5,98.0,35.0,39.7,237.0,18.7,24.5,36.0,27.0,5.06,True,1.0,98.0
GOOGL,325.88,2026-08-21,25,355.0,2.37,237.0,8.9,9.7,3238,7.0,23.3,28.4,97.0,33.3,37.2,249.0,16.7,22.8,35.0,27.0,4.5,False,1.07,97.0
GOOGL,325.88,2026-08-21,25,357.5,2.1,210.0,9.7,10.3,544,9.0,20.8,25.9,92.0,31.6,35.5,252.0,15.0,20.0,32.0,27.0,4.06,False,1.15,92.0
GOOGL,325.88,2026-08-21,25,360.0,1.75,175.0,10.5,11.0,12555,6.0,18.7,23.9,100.0,29.9,34.6,277.0,13.6,18.5,36.0,27.0,3.67,False,1.22,100.0
GOOGL,325.88,2026-08-21,25,362.5,1.5,150.0,11.2,11.7,263,5.0,16.7,21.4,102.0,28.6,33.3,290.0,11.9,17.5,35.0,27.0,3.22,False,1.29,102.0
GOOGL,325.88,2026-08-21,25,365.0,1.32,132.0,12.0,12.4,5496,7.0,14.2,18.5,97.0,26.5,31.2,289.0,10.3,15.4,31.0,27.0,2.78,False,1.36,97.0
GOOGL,325.88,2026-08-21,25,367.5,1.19,119.0,12.8,13.1,412,10.0,13.2,17.3,88.0,24.4,29.9,274.0,9.3,14.4,23.0,27.0,2.5,False,1.44,88.0
GOOGL,325.88,2026-08-21,25,370.0,0.99,99.0,13.5,13.8,11126,6.0,11.7,15.4,93.0,21.8,27.4,289.0,7.8,12.3,24.0,27.0,2.11,False,1.51,93.0
GOOGL,325.88,2026-08-21,25,375.0,0.76,76.0,15.1,15.3,5790,12.0,8.8,12.6,79.0,17.5,23.5,269.0,6.0,9.5,15.0,27.0,1.61,False,1.66,79.0
GOOGL,325.88,2026-08-21,25,380.0,0.58,58.0,16.6,16.8,9170,5.0,6.4,9.3,67.0,13.2,17.9,246.0,4.3,6.0,5.0,27.0,1.17,False,1.81,67.0
GOOGL,325.88,2026-08-21,25,385.0,0.46,46.0,18.1,18.3,6591,7.0,4.9,6.6,47.0,10.3,13.2,205.0,3.7,4.3,-12.0,27.0,1.0,False,1.96,47.0
GOOGL,325.88,2026-08-21,25,390.0,0.39,39.0,19.7,19.8,10967,10.0,3.9,4.5,18.0,8.1,9.4,146.0,2.9,3.3,-38.0,27.0,0.78,False,2.1,18.0
GOOGL,325.88,2026-08-21,25,395.0,0.33,33.0,21.2,21.3,5277,12.0,2.9,3.5,-14.0,6.0,7.3,79.0,1.9,1.9,-58.0,27.0,0.5,False,2.25,-14.0
GOOGL,325.88,2026-08-21,25,400.0,0.26,26.0,22.7,22.8,21214,4.0,1.9,2.1,-37.0,3.8,4.3,31.0,1.4,1.6,-77.0,27.0,0.39,False,2.4,-37.0
GOOGL,325.88,2026-08-21,25,405.0,0.23,23.0,24.3,24.3,1614,13.0,1.4,1.6,-66.0,3.0,3.4,-29.0,0.2,0.4,-94.0,27.0,0.06,False,2.54,-66.0
GOOGL,325.88,2026-08-21,25,410.0,0.21,21.0,25.8,25.9,6414,19.0,0.8,1.0,-90.0,1.7,2.1,-79.0,0.2,0.2,-98.0,27.0,0.06,False,2.68,-90.0
GOOGL,325.88,2026-08-21,25,415.0,0.18,18.0,27.3,27.4,15691,17.0,0.2,0.2,-97.0,0.4,0.4,-93.0,0.0,0.0,-100.0,27.0,0.0,False,2.82,-97.0
GOOGL,325.88,2026-08-21,25,420.0,0.18,18.0,28.9,28.9,7215,28.0,0.0,0.0,-100.0,0.0,0.0,-100.0,0.0,0.0,-100.0,27.0,0.0,False,2.96,-100.0
GOOGL,325.88,2026-08-21,25,425.0,0.15,15.0,30.4,30.5,1259,20.0,0.0,0.0,-100.0,0.0,0.0,-100.0,0.0,0.0,-100.0,27.0,0.0,False,3.1,-100.0
GOOGL,325.88,2026-08-21,25,430.0,0.15,15.0,32.0,32.0,3407,27.0,0.0,0.0,-100.0,0.0,0.0,-100.0,0.0,0.0,-100.0,27.0,0.0,False,3.23,-100.0
GOOGL,325.88,2026-08-21,25,435.0,0.17,17.0,33.5,33.5,517,94.0,0.0,0.0,-100.0,0.0,0.0,-100.0,0.0,0.0,-100.0,27.0,0.0,False,3.37,-100.0
GOOGL,325.88,2026-08-21,25,440.0,0.16,16.0,35.0,35.1,4023,44.0,0.0,0.0,-100.0,0.0,0.0,-100.0,0.0,0.0,-100.0,27.0,0.0,False,3.5,-100.0
GOOGL,325.88,2026-08-21,25,445.0,0.15,15.0,36.6,36.6,841,47.0,0.0,0.0,-100.0,0.0,0.0,-100.0,0.0,0.0,-100.0,27.0,0.0,False,3.63,-100.0
GOOGL,325.88,2026-08-21,25,450.0,0.1,10.0,38.1,38.1,24408,30.0,0.0,0.0,-100.0,0.0,0.0,-100.0,0.0,0.0,-100.0,27.0,0.0,False,3.76,-100.0
GOOGL,325.88,2026-08-21,25,455.0,0.19,19.0,39.6,39.7,490,95.0,0.0,0.0,-100.0,0.0,0.0,-100.0,0.0,0.0,-100.0,27.0,0.0,False,3.89,-100.0
GOOGL,325.88,2026-08-21,25,460.0,0.13,13.0,41.2,41.2,3158,62.0,0.0,0.0,-100.0,0.0,0.0,-100.0,0.0,0.0,-100.0,27.0,0.0,False,4.02,-100.0
GOOGL,325.88,2026-08-21,25,465.0,0.13,13.0,42.7,42.7,885,77.0,0.0,0.0,-100.0,0.0,0.0,-100.0,0.0,0.0,-100.0,27.0,0.0,False,4.15,-100.0
GOOGL,325.88,2026-08-21,25,470.0,0.08,8.0,44.2,44.2,4499,38.0,0.0,0.0,-100.0,0.0,0.0,-100.0,0.0,0.0,-100.0,27.0,0.0,False,4.27,-100.0
GOOGL,325.88,2026-08-21,25,475.0,0.12,12.0,45.8,45.8,672,83.0,0.0,0.0,-100.0,0.0,0.0,-100.0,0.0,0.0,-100.0,27.0,0.0,False,4.39,-100.0
GOOGL,325.88,2026-08-21,25,480.0,0.11,11.0,47.3,47.3,3071,64.0,0.0,0.0,-100.0,0.0,0.0,-100.0,0.0,0.0,-100.0,27.0,0.0,False,4.51,-100.0
GOOGL,325.88,2026-08-21,25,485.0,0.23,23.0,48.8,48.9,458,91.0,0.0,0.0,-100.0,0.0,0.0,-100.0,0.0,0.0,-100.0,27.0,0.0,False,4.64,-100.0
GOOGL,325.88,2026-08-21,25,490.0,0.23,23.0,50.4,50.4,636,91.0,0.0,0.0,-100.0,0.0,0.0,-100.0,0.0,0.0,-100.0,27.0,0.0,False,4.76,-100.0
GOOGL,325.88,2026-08-21,25,500.0,0.06,6.0,53.4,53.4,3999,50.0,0.0,0.0,-100.0,0.0,0.0,-100.0,0.0,0.0,-100.0,27.0,0.0,False,4.99,-100.0
GOOGL,325.88,2026-08-21,25,510.0,0.06,6.0,56.5,56.5,457,67.0,0.0,0.0,-100.0,0.0,0.0,-100.0,0.0,0.0,-100.0,27.0,0.0,False,5.22,-100.0
GOOGL,325.88,2026-08-21,25,520.0,0.11,11.0,59.6,59.6,1247,82.0,0.0,0.0,-100.0,0.0,0.0,-100.0,0.0,0.0,-100.0,27.0,0.0,False,5.45,-100.0
GOOGL,325.88,2026-08-21,25,530.0,0.11,11.0,62.6,62.7,405,82.0,0.0,0.0,-100.0,0.0,0.0,-100.0,0.0,0.0,-100.0,27.0,0.0,False,5.67,-100.0
GOOGL,325.88,2026-08-21,25,535.0,0.1,10.0,64.2,64.2,2675,90.0,0.0,0.0,-100.0,0.0,0.0,-100.0,0.0,0.0,-100.0,27.0,0.0,False,5.78,-100.0
GOOGL,325.88,2026-08-21,25,550.0,0.07,7.0,68.8,68.8,635,71.0,0.0,0.0,-100.0,0.0,0.0,-100.0,0.0,0.0,-100.0,27.0,0.0,False,6.1,-100.0
GOOGL,325.88,2026-08-21,25,560.0,0.25,25.0,71.8,71.9,681,100.0,0.0,0.0,-100.0,0.0,0.0,-100.0,0.0,0.0,-100.0,27.0,0.0,False,6.31,-100.0
GOOGL,325.88,2026-08-21,25,570.0,0.57,57.0,74.9,75.1,490,100.0,0.0,0.0,-100.0,0.0,0.0,-100.0,0.0,0.0,-100.0,27.0,0.0,False,6.53,-100.0
GOOGL,325.88,2026-08-21,25,580.0,0.15,15.0,78.0,78.0,3711,93.0,0.0,0.0,-100.0,0.0,0.0,-100.0,0.0,0.0,-100.0,27.0,0.0,False,6.72,-100.0
GOOGL,325.88,2026-08-21,25,590.0,0.14,14.0,81.0,81.1,304,100.0,0.0,0.0,-100.0,0.0,0.0,-100.0,0.0,0.0,-100.0,27.0,0.0,False,6.92,-100.0
GOOGL,325.88,2026-08-21,25,690.0,1.47,147.0,111.7,112.2,583,100.0,0.0,0.0,-100.0,0.0,0.0,-100.0,0.0,0.0,-100.0,27.0,0.0,False,8.77,-100.0
GOOGL,325.88,2026-08-21,25,700.0,0.92,92.0,114.8,115.1,1125,100.0,0.0,0.0,-100.0,0.0,0.0,-100.0,0.0,0.0,-100.0,27.0,0.0,False,8.92,-100.0
GOOGL,325.88,2026-08-28,32,335.0,9.15,915.0,2.8,5.6,448,10.0,43.9,57.0,68.0,53.3,60.3,144.0,31.8,47.2,21.0,20.9,6.65,True,0.56,68.0
GOOGL,325.88,2026-08-28,32,340.0,7.0,700.0,4.3,6.5,1018,6.0,39.9,50.7,83.0,51.1,57.2,178.0,28.7,41.6,29.0,20.9,6.0,True,0.65,83.0
GOOGL,325.88,2026-08-28,32,345.0,5.5,550.0,5.9,7.6,337,9.0,35.8,46.4,91.0,46.3,54.6,205.0,25.2,35.6,33.0,20.9,5.26,True,0.75,91.0
GOOGL,325.88,2026-08-28,32,350.0,4.25,425.0,7.4,8.7,1659,6.0,30.1,40.5,101.0,39.7,49.8,236.0,22.5,31.6,39.0,20.9,4.7,False,0.86,101.0
GOOGL,325.88,2026-08-28,32,360.0,2.53,253.0,10.5,11.2,289,6.0,22.7,29.7,121.0,35.4,40.6,306.0,15.8,23.3,48.0,20.9,3.3,False,1.1,121.0
GOOGL,325.88,2026-08-28,32,365.0,2.0,200.0,12.0,12.6,283,14.0,18.9,24.1,122.0,31.9,38.0,326.0,12.9,19.8,47.0,20.9,2.7,False,1.22,122.0
GOOGL,325.88,2026-08-28,32,370.0,1.53,153.0,13.5,14.0,444,13.0,15.8,20.6,130.0,26.6,34.1,354.0,10.2,15.0,53.0,20.9,2.13,False,1.35,130.0
GOOGL,325.88,2026-08-28,32,375.0,1.15,115.0,15.1,15.4,433,8.0,12.1,17.3,140.0,22.3,30.6,392.0,8.5,12.9,61.0,20.9,1.78,False,1.48,140.0
GOOGL,325.88,2026-08-28,32,380.0,0.93,93.0,16.6,16.9,459,12.0,10.0,13.5,137.0,19.7,25.8,394.0,7.3,11.0,54.0,20.9,1.52,False,1.61,137.0
GOOGL,325.88,2026-08-28,32,400.0,0.43,43.0,22.7,22.9,577,19.0,4.4,5.4,81.0,9.2,11.4,280.0,2.3,3.1,13.0,20.9,0.48,False,2.12,81.0
GOOGL,325.88,2026-09-18,53,345.0,8.55,855.0,5.9,8.5,1366,2.0,51.1,65.2,148.0,57.5,71.5,239.0,36.5,47.0,56.0,12.3,4.47,False,0.65,148.0
GOOGL,325.88,2026-09-18,53,350.0,7.1,710.0,7.4,9.6,12315,2.0,47.6,59.0,159.0,56.1,67.8,265.0,33.0,44.0,59.0,12.3,4.05,False,0.73,159.0
GOOGL,325.88,2026-09-18,53,355.0,5.9,590.0,8.9,10.7,1889,3.0,42.3,53.6,167.0,51.4,64.0,290.0,29.8,40.6,59.0,12.3,3.66,False,0.82,167.0
GOOGL,325.88,2026-09-18,53,360.0,4.85,485.0,10.5,12.0,6580,4.0,39.3,48.3,177.0,49.1,60.3,318.0,24.9,36.7,59.0,12.3,3.05,False,0.91,177.0
GOOGL,325.88,2026-09-18,53,365.0,3.95,395.0,12.0,13.2,2004,4.0,36.1,43.3,188.0,46.7,58.4,350.0,22.3,31.8,61.0,12.3,2.74,False,1.0,188.0
GOOGL,325.88,2026-09-18,53,370.0,3.2,320.0,13.5,14.5,5502,3.0,32.2,40.1,197.0,43.5,55.1,380.0,18.0,26.8,63.0,12.3,2.21,False,1.09,197.0
GOOGL,325.88,2026-09-18,53,375.0,2.64,264.0,15.1,15.9,5799,9.0,26.8,35.6,197.0,39.3,49.5,398.0,16.1,21.9,62.0,12.3,1.97,False,1.18,197.0
GOOGL,325.88,2026-09-18,53,380.0,2.21,221.0,16.6,17.3,6130,5.0,23.2,31.1,193.0,36.0,45.3,405.0,14.6,20.4,56.0,12.3,1.79,False,1.28,193.0
GOOGL,325.88,2026-09-18,53,385.0,1.89,189.0,18.1,18.7,2059,8.0,18.9,24.2,181.0,31.8,39.7,396.0,12.0,17.8,44.0,12.3,1.47,False,1.38,181.0
GOOGL,325.88,2026-09-18,53,390.0,1.56,156.0,19.7,20.2,9183,12.0,17.0,20.6,181.0,29.9,36.0,401.0,11.2,17.0,35.0,12.3,1.37,False,1.47,181.0
GOOGL,325.88,2026-09-18,53,395.0,1.3,130.0,21.2,21.6,2223,8.0,15.5,18.2,173.0,27.1,33.2,389.0,9.7,15.5,20.0,12.3,1.18,False,1.57,173.0
GOOGL,325.88,2026-09-18,53,400.0,1.06,106.0,22.7,23.1,11517,6.0,13.3,17.2,166.0,23.8,32.2,377.0,8.4,13.3,4.0,12.3,1.03,False,1.66,166.0
GOOGL,325.88,2026-09-18,53,405.0,0.9,90.0,24.3,24.6,1566,8.0,11.6,15.9,145.0,20.6,29.9,339.0,6.7,11.2,-22.0,12.3,0.82,False,1.76,145.0
GOOGL,325.88,2026-09-18,53,410.0,0.76,76.0,25.8,26.0,59570,5.0,9.9,14.2,117.0,16.8,26.2,292.0,4.5,7.5,-47.0,12.3,0.55,False,1.86,117.0
GOOGL,325.88,2026-09-18,53,415.0,0.68,68.0,27.3,27.6,4112,10.0,8.8,12.0,73.0,15.0,22.0,219.0,1.7,4.1,-65.0,12.3,0.21,False,1.95,73.0
GOOGL,325.88,2026-09-18,53,420.0,0.58,58.0,28.9,29.1,3044,9.0,6.9,10.1,32.0,11.7,18.2,155.0,1.3,2.6,-72.0,12.3,0.16,False,2.05,32.0
GOOGL,325.88,2026-09-18,53,425.0,0.52,52.0,30.4,30.6,1708,8.0,4.7,7.1,-13.0,8.9,14.0,80.0,0.9,2.1,-80.0,12.3,0.11,False,2.14,-13.0
GOOGL,325.88,2026-09-18,53,430.0,0.47,47.0,32.0,32.1,1738,13.0,2.1,4.1,-44.0,4.7,8.4,22.0,0.6,1.7,-87.0,12.3,0.08,False,2.23,-44.0
GOOGL,325.88,2026-09-18,53,435.0,0.42,42.0,33.5,33.6,779,14.0,1.3,2.8,-58.0,2.8,6.1,-9.0,0.4,1.3,-93.0,12.3,0.05,False,2.32,-58.0
GOOGL,325.88,2026-09-18,53,440.0,0.39,39.0,35.0,35.1,3403,15.0,1.1,1.9,-70.0,2.3,4.2,-35.0,0.2,0.9,-98.0,12.3,0.03,False,2.41,-70.0
GOOGL,325.88,2026-09-18,53,445.0,0.35,35.0,36.6,36.7,830,14.0,0.9,1.5,-80.0,1.9,3.3,-55.0,0.0,0.6,-100.0,12.3,0.0,False,2.5,-80.0
GOOGL,325.88,2026-09-18,53,450.0,0.33,33.0,38.1,38.2,5293,21.0,0.6,1.3,-88.0,1.4,2.8,-75.0,0.0,0.6,-100.0,12.3,0.0,False,2.59,-88.0
GOOGL,325.88,2026-09-18,53,455.0,0.47,47.0,39.6,39.8,341,70.0,0.4,0.9,-97.0,0.9,1.9,-93.0,0.0,0.4,-100.0,12.3,0.0,False,2.68,-97.0
GOOGL,325.88,2026-09-18,53,460.0,0.45,45.0,41.2,41.3,1252,73.0,0.2,0.6,-100.0,0.5,1.4,-99.0,0.0,0.4,-100.0,12.3,0.0,False,2.77,-100.0
GOOGL,325.88,2026-09-18,53,465.0,0.43,43.0,42.7,42.8,780,72.0,0.0,0.6,-100.0,0.0,1.4,-100.0,0.0,0.2,-100.0,12.3,0.0,False,2.86,-100.0
GOOGL,325.88,2026-09-18,53,470.0,0.35,35.0,44.2,44.3,1627,51.0,0.0,0.4,-100.0,0.0,0.9,-100.0,0.0,0.0,-100.0,12.3,0.0,False,2.94,-100.0
GOOGL,325.88,2026-09-18,53,475.0,0.4,40.0,45.8,45.9,2200,98.0,0.0,0.4,-100.0,0.0,0.9,-100.0,0.0,0.0,-100.0,12.3,0.0,False,3.03,-100.0
GOOGL,325.88,2026-09-18,53,480.0,0.29,29.0,47.3,47.4,764,38.0,0.0,0.0,-100.0,0.0,0.0,-100.0,0.0,0.0,-100.0,12.3,0.0,False,3.11,-100.0
GOOGL,325.88,2026-09-18,53,490.0,0.24,24.0,50.4,50.4,384,71.0,0.0,0.0,-100.0,0.0,0.0,-100.0,0.0,0.0,-100.0,12.3,0.0,False,3.27,-100.0
GOOGL,325.88,2026-09-18,53,495.0,0.35,35.0,51.9,52.0,1248,77.0,0.0,0.0,-100.0,0.0,0.0,-100.0,0.0,0.0,-100.0,12.3,0.0,False,3.36,-100.0
GOOGL,325.88,2026-09-18,53,500.0,0.17,17.0,53.4,53.5,5566,47.0,0.0,0.0,-100.0,0.0,0.0,-100.0,0.0,0.0,-100.0,12.3,0.0,False,3.44,-100.0
GOOGL,325.88,2026-09-18,53,505.0,0.17,17.0,55.0,55.0,306,88.0,0.0,0.0,-100.0,0.0,0.0,-100.0,0.0,0.0,-100.0,12.3,0.0,False,3.52,-100.0
GOOGL,325.88,2026-09-18,53,510.0,0.33,33.0,56.5,56.6,515,94.0,0.0,0.0,-100.0,0.0,0.0,-100.0,0.0,0.0,-100.0,12.3,0.0,False,3.6,-100.0
GOOGL,325.88,2026-09-18,53,515.0,0.33,33.0,58.0,58.1,279,97.0,0.0,0.0,-100.0,0.0,0.0,-100.0,0.0,0.0,-100.0,12.3,0.0,False,3.68,-100.0
GOOGL,325.88,2026-09-18,53,520.0,0.22,22.0,59.6,59.6,271,59.0,0.0,0.0,-100.0,0.0,0.0,-100.0,0.0,0.0,-100.0,12.3,0.0,False,3.75,-100.0
GOOGL,325.88,2026-09-18,53,525.0,0.31,31.0,61.1,61.2,285,97.0,0.0,0.0,-100.0,0.0,0.0,-100.0,0.0,0.0,-100.0,12.3,0.0,False,3.83,-100.0
GOOGL,325.88,2026-09-18,53,550.0,0.29,29.0,68.8,68.9,361,93.0,0.0,0.0,-100.0,0.0,0.0,-100.0,0.0,0.0,-100.0,12.3,0.0,False,4.2,-100.0
GOOGL,325.88,2026-09-18,53,555.0,0.29,29.0,70.3,70.4,2727,97.0,0.0,0.0,-100.0,0.0,0.0,-100.0,0.0,0.0,-100.0,12.3,0.0,False,4.27,-100.0
GOOGL,325.88,2026-09-18,53,565.0,0.28,28.0,73.4,73.5,3005,96.0,0.0,0.0,-100.0,0.0,0.0,-100.0,0.0,0.0,-100.0,12.3,0.0,False,4.42,-100.0
GOOGL,325.88,2026-09-18,53,570.0,0.28,28.0,74.9,75.0,324,96.0,0.0,0.0,-100.0,0.0,0.0,-100.0,0.0,0.0,-100.0,12.3,0.0,False,4.49,-100.0
GOOGL,325.88,2026-09-18,53,575.0,0.28,28.0,76.4,76.5,3256,96.0,0.0,0.0,-100.0,0.0,0.0,-100.0,0.0,0.0,-100.0,12.3,0.0,False,4.56,-100.0
GOOGL,325.88,2026-09-18,53,580.0,0.27,27.0,78.0,78.1,307,96.0,0.0,0.0,-100.0,0.0,0.0,-100.0,0.0,0.0,-100.0,12.3,0.0,False,4.63,-100.0
GOOGL,325.88,2026-09-18,53,590.0,0.27,27.0,81.0,81.1,251,96.0,0.0,0.0,-100.0,0.0,0.0,-100.0,0.0,0.0,-100.0,12.3,0.0,False,4.76,-100.0
GOOGL,325.88,2026-09-18,53,600.0,0.15,15.0,84.1,84.2,9355,93.0,0.0,0.0,-100.0,0.0,0.0,-100.0,0.0,0.0,-100.0,12.3,0.0,False,4.9,-100.0
GOOGL,325.88,2026-09-18,53,630.0,0.25,25.0,93.3,93.4,1005,96.0,0.0,0.0,-100.0,0.0,0.0,-100.0,0.0,0.0,-100.0,12.3,0.0,False,5.29,-100.0
GOOGL,325.88,2026-09-18,53,800.0,0.06,6.0,145.5,145.5,11428,83.0,0.0,0.0,-100.0,0.0,0.0,-100.0,0.0,0.0,-100.0,12.3,0.0,False,7.2,-100.0
AMZN,231.87,2026-08-03,7,235.0,7.25,725.0,1.4,4.5,425,5.0,14.9,18.9,-61.0,15.8,18.2,-60.0,8.6,10.1,-74.0,99.8,8.57,True,1.23,-61.0
AMZN,231.87,2026-08-03,7,237.5,6.2,620.0,2.4,5.1,497,7.0,12.4,14.9,-68.0,12.1,14.2,-68.0,6.3,7.6,-81.0,99.8,6.3,True,1.4,-68.0
AMZN,231.87,2026-08-03,7,250.0,2.55,255.0,7.8,8.9,818,5.0,3.5,5.6,-87.0,3.6,4.5,-87.0,2.0,2.8,-96.0,99.8,2.02,False,2.4,-87.0
AMZN,231.87,2026-08-03,7,255.0,1.74,174.0,10.0,10.7,342,14.0,2.5,3.5,-91.0,2.4,3.2,-90.0,0.5,0.5,-99.0,99.8,0.5,False,2.86,-91.0
AMZN,231.87,2026-08-03,7,260.0,1.12,112.0,12.1,12.6,339,8.0,1.0,1.5,-95.0,1.2,1.6,-94.0,0.0,0.0,-100.0,99.8,0.0,False,3.34,-95.0
AMZN,231.87,2026-08-03,7,265.0,0.73,73.0,14.3,14.6,431,21.0,0.3,0.3,-98.0,0.4,0.4,-97.0,0.0,0.0,-100.0,99.8,0.0,False,3.83,-98.0
AMZN,231.87,2026-08-03,7,267.5,0.57,57.0,15.4,15.6,308,26.0,0.3,0.3,-99.0,0.4,0.4,-98.0,0.0,0.0,-100.0,99.8,0.0,False,4.07,-99.0
AMZN,231.87,2026-08-03,7,295.0,0.1,10.0,27.2,27.3,503,100.0,0.0,0.0,-100.0,0.0,0.0,-100.0,0.0,0.0,-100.0,99.8,0.0,False,6.77,-100.0
AMZN,231.87,2026-08-07,11,235.0,8.0,800.0,1.4,4.8,2581,3.0,18.1,26.7,-51.0,19.7,25.8,-47.0,12.2,15.3,-67.0,62.0,7.57,True,1.04,-51.0
AMZN,231.87,2026-08-07,11,237.5,7.0,700.0,2.4,5.4,284,4.0,14.8,20.6,-58.0,15.2,20.5,-54.0,8.4,11.5,-74.0,62.0,5.21,True,1.18,-58.0
AMZN,231.87,2026-08-07,11,240.0,6.0,600.0,3.5,6.1,2153,3.0,13.0,16.8,-63.0,13.5,16.4,-58.0,6.4,9.4,-79.0,62.0,3.94,False,1.31,-63.0
AMZN,231.87,2026-08-07,11,242.5,5.2,520.0,4.6,6.8,425,5.0,10.2,12.5,-68.0,10.2,11.5,-64.0,5.6,8.1,-84.0,62.0,3.47,False,1.47,-68.0
AMZN,231.87,2026-08-07,11,245.0,4.4,440.0,5.7,7.6,2220,5.0,6.6,10.2,-72.0,7.0,9.0,-67.0,4.8,6.6,-87.0,62.0,3.0,False,1.62,-72.0
AMZN,231.87,2026-08-07,11,247.5,3.75,375.0,6.7,8.4,251,4.0,5.6,8.4,-75.0,5.7,7.4,-70.0,4.1,5.6,-88.0,62.0,2.52,False,1.78,-75.0
AMZN,231.87,2026-08-07,11,250.0,3.15,315.0,7.8,9.2,1696,3.0,5.3,7.6,-77.0,5.3,7.0,-71.0,3.1,4.1,-90.0,62.0,1.89,False,1.95,-77.0
AMZN,231.87,2026-08-07,11,252.5,2.69,269.0,8.9,10.1,274,6.0,4.6,6.1,-78.0,4.9,6.1,-71.0,2.3,3.3,-92.0,62.0,1.42,False,2.13,-78.0
AMZN,231.87,2026-08-07,11,255.0,2.23,223.0,10.0,10.9,2995,4.0,4.1,5.6,-80.0,4.9,5.3,-71.0,2.0,2.3,-93.0,62.0,1.26,False,2.3,-80.0
AMZN,231.87,2026-08-07,11,260.0,1.55,155.0,12.1,12.8,3512,6.0,2.5,4.1,-83.0,3.3,4.9,-74.0,1.5,1.5,-97.0,62.0,0.95,False,2.67,-83.0
AMZN,231.87,2026-08-07,11,265.0,1.04,104.0,14.3,14.7,2335,7.0,2.0,2.3,-86.0,3.3,3.7,-78.0,0.0,0.0,-100.0,62.0,0.0,False,3.05,-86.0
AMZN,231.87,2026-08-07,11,270.0,0.69,69.0,16.4,16.7,3923,7.0,1.5,1.5,-93.0,2.5,2.5,-88.0,0.0,0.0,-100.0,62.0,0.0,False,3.44,-93.0
AMZN,231.87,2026-08-07,11,275.0,0.45,45.0,18.6,18.8,3154,11.0,0.0,0.0,-100.0,0.0,0.0,-100.0,0.0,0.0,-100.0,62.0,0.0,False,3.82,-100.0
AMZN,231.87,2026-08-07,11,280.0,0.31,31.0,20.8,20.9,2912,13.0,0.0,0.0,-100.0,0.0,0.0,-100.0,0.0,0.0,-100.0,62.0,0.0,False,4.21,-100.0
AMZN,231.87,2026-08-07,11,285.0,0.22,22.0,22.9,23.0,1045,18.0,0.0,0.0,-100.0,0.0,0.0,-100.0,0.0,0.0,-100.0,62.0,0.0,False,4.6,-100.0
AMZN,231.87,2026-08-07,11,290.0,0.2,20.0,25.1,25.2,1861,50.0,0.0,0.0,-100.0,0.0,0.0,-100.0,0.0,0.0,-100.0,62.0,0.0,False,4.98,-100.0
AMZN,231.87,2026-08-07,11,295.0,0.1,10.0,27.2,27.3,880,10.0,0.0,0.0,-100.0,0.0,0.0,-100.0,0.0,0.0,-100.0,62.0,0.0,False,5.35,-100.0
AMZN,231.87,2026-08-07,11,300.0,0.08,8.0,29.4,29.4,2927,38.0,0.0,0.0,-100.0,0.0,0.0,-100.0,0.0,0.0,-100.0,62.0,0.0,False,5.73,-100.0
AMZN,231.87,2026-08-14,18,235.0,8.95,895.0,1.4,5.2,452,4.0,23.2,34.8,-37.0,20.9,34.7,-34.0,17.3,23.7,-56.0,37.8,6.52,True,0.88,-37.0
AMZN,231.87,2026-08-14,18,240.0,6.9,690.0,3.5,6.5,305,4.0,18.6,25.3,-45.0,17.6,25.1,-38.0,13.4,17.5,-66.0,37.8,5.06,True,1.09,-45.0
AMZN,231.87,2026-08-14,18,245.0,5.3,530.0,5.7,8.0,2310,6.0,14.2,19.3,-52.0,15.5,20.1,-41.0,7.2,11.3,-75.0,37.8,2.73,False,1.33,-52.0
AMZN,231.87,2026-08-14,18,250.0,4.0,400.0,7.8,9.5,1047,9.0,9.3,13.9,-59.0,11.7,15.1,-44.0,5.7,8.0,-81.0,37.8,2.14,False,1.59,-59.0
AMZN,231.87,2026-08-14,18,255.0,2.89,289.0,10.0,11.2,687,8.0,7.0,10.3,-63.0,8.8,10.9,-46.0,3.9,4.4,-85.0,37.8,1.46,False,1.85,-63.0
AMZN,231.87,2026-08-14,18,260.0,2.1,210.0,12.1,13.0,1509,9.0,5.2,7.2,-66.0,7.1,9.2,-48.0,3.1,3.4,-89.0,37.8,1.17,False,2.13,-66.0
AMZN,231.87,2026-08-14,18,265.0,1.5,150.0,14.3,14.9,881,10.0,3.9,4.4,-69.0,5.9,6.7,-51.0,1.0,1.8,-94.0,37.8,0.39,False,2.42,-69.0
AMZN,231.87,2026-08-14,18,270.0,1.08,108.0,16.4,16.9,1468,13.0,3.1,3.6,-74.0,5.0,5.9,-58.0,0.8,0.8,-97.0,37.8,0.29,False,2.72,-74.0
AMZN,231.87,2026-08-14,18,275.0,0.74,74.0,18.6,18.9,1309,14.0,1.8,2.6,-81.0,2.9,4.2,-69.0,0.0,0.0,-100.0,37.8,0.0,False,3.02,-81.0
AMZN,231.87,2026-08-14,18,280.0,0.53,53.0,20.8,21.0,1619,19.0,1.0,1.0,-86.0,1.7,1.7,-78.0,0.0,0.0,-100.0,37.8,0.0,False,3.32,-86.0
AMZN,231.87,2026-08-14,18,285.0,0.36,36.0,22.9,23.1,2782,17.0,0.8,0.8,-92.0,1.3,1.3,-87.0,0.0,0.0,-100.0,37.8,0.0,False,3.62,-92.0
AMZN,231.87,2026-08-14,18,290.0,0.3,30.0,25.1,25.2,725,27.0,0.3,0.3,-100.0,0.4,0.4,-99.0,0.0,0.0,-100.0,37.8,0.0,False,3.91,-100.0
AMZN,231.87,2026-08-14,18,300.0,0.21,21.0,29.4,29.5,722,52.0,0.0,0.0,-100.0,0.0,0.0,-100.0,0.0,0.0,-100.0,37.8,0.0,False,4.5,-100.0
AMZN,231.87,2026-08-14,18,315.0,0.13,13.0,35.9,35.9,461,92.0,0.0,0.0,-100.0,0.0,0.0,-100.0,0.0,0.0,-100.0,37.8,0.0,False,5.34,-100.0
AMZN,231.87,2026-08-21,25,235.0,9.7,970.0,1.4,5.5,5788,2.0,26.6,41.8,-26.0,25.2,41.0,-23.0,17.8,29.0,-47.0,27.0,4.79,False,0.8,-26.0
AMZN,231.87,2026-08-21,25,237.5,8.7,870.0,2.4,6.2,771,3.0,23.0,35.0,-30.0,22.2,35.9,-26.0,14.6,25.6,-54.0,27.0,3.95,False,0.89,-30.0
AMZN,231.87,2026-08-21,25,240.0,7.65,765.0,3.5,6.8,9892,2.0,19.6,30.8,-33.0,19.2,31.6,-27.0,13.3,21.9,-59.0,27.0,3.6,False,0.97,-33.0
AMZN,231.87,2026-08-21,25,242.5,6.8,680.0,4.6,7.5,263,4.0,17.2,27.9,-38.0,17.1,28.6,-29.0,10.4,18.5,-64.0,27.0,2.82,False,1.07,-38.0
AMZN,231.87,2026-08-21,25,245.0,5.95,595.0,5.7,8.2,9727,3.0,14.4,24.8,-41.0,15.8,26.9,-30.0,9.4,15.4,-67.0,27.0,2.54,False,1.17,-41.0
AMZN,231.87,2026-08-21,25,247.5,5.25,525.0,6.7,9.0,376,5.0,12.8,21.4,-44.0,15.0,24.4,-31.0,8.4,12.5,-70.0,27.0,2.26,False,1.28,-44.0
AMZN,231.87,2026-08-21,25,250.0,4.55,455.0,7.8,9.8,46749,2.0,10.4,18.5,-45.0,12.8,20.9,-30.0,7.3,10.4,-71.0,27.0,1.97,False,1.38,-45.0
AMZN,231.87,2026-08-21,25,252.5,3.95,395.0,8.9,10.6,332,4.0,9.7,16.4,-46.0,12.0,18.4,-29.0,7.0,9.4,-73.0,27.0,1.9,False,1.49,-46.0
AMZN,231.87,2026-08-21,25,255.0,3.45,345.0,10.0,11.5,16076,4.0,9.1,14.1,-46.0,11.5,16.2,-29.0,6.5,8.1,-74.0,27.0,1.76,False,1.61,-46.0
AMZN,231.87,2026-08-21,25,260.0,2.53,253.0,12.1,13.2,47660,3.0,7.0,10.4,-45.0,9.0,12.8,-26.0,5.0,5.7,-78.0,27.0,1.34,False,1.84,-45.0
AMZN,231.87,2026-08-21,25,265.0,1.85,185.0,14.3,15.1,11177,3.0,6.5,8.1,-45.0,8.5,10.7,-25.0,3.4,3.9,-83.0,27.0,0.92,False,2.08,-45.0
AMZN,231.87,2026-08-21,25,270.0,1.35,135.0,16.4,17.0,45979,4.0,5.2,7.0,-47.0,6.8,9.4,-27.0,2.3,2.6,-89.0,27.0,0.63,False,2.33,-47.0
AMZN,231.87,2026-08-21,25,275.0,0.98,98.0,18.6,19.0,13077,6.0,4.2,4.7,-52.0,5.6,6.0,-32.0,0.5,1.3,-95.0,27.0,0.14,False,2.58,-52.0
AMZN,231.87,2026-08-21,25,280.0,0.7,70.0,20.8,21.1,40023,6.0,3.4,3.7,-59.0,4.3,4.3,-38.0,0.3,0.3,-98.0,27.0,0.07,False,2.83,-59.0
AMZN,231.87,2026-08-21,25,285.0,0.5,50.0,22.9,23.1,25851,4.0,1.8,2.1,-72.0,3.0,3.0,-54.0,0.3,0.3,-100.0,27.0,0.07,False,3.08,-72.0
AMZN,231.87,2026-08-21,25,290.0,0.38,38.0,25.1,25.2,17010,8.0,1.3,1.8,-84.0,2.1,2.6,-73.0,0.0,0.0,-100.0,27.0,0.0,False,3.33,-84.0
AMZN,231.87,2026-08-21,25,295.0,0.28,28.0,27.2,27.3,32322,14.0,0.5,0.5,-89.0,0.9,0.9,-83.0,0.0,0.0,-100.0,27.0,0.0,False,3.58,-89.0
AMZN,231.87,2026-08-21,25,300.0,0.2,20.0,29.4,29.5,19395,10.0,0.3,0.3,-94.0,0.4,0.4,-90.0,0.0,0.0,-100.0,27.0,0.0,False,3.82,-94.0
AMZN,231.87,2026-08-21,25,305.0,0.15,15.0,31.5,31.6,7709,13.0,0.0,0.0,-100.0,0.0,0.0,-100.0,0.0,0.0,-100.0,27.0,0.0,False,4.07,-100.0
AMZN,231.87,2026-08-21,25,310.0,0.12,12.0,33.7,33.8,29871,17.0,0.0,0.0,-100.0,0.0,0.0,-100.0,0.0,0.0,-100.0,27.0,0.0,False,4.3,-100.0
AMZN,231.87,2026-08-21,25,315.0,0.1,10.0,35.9,35.9,5168,30.0,0.0,0.0,-100.0,0.0,0.0,-100.0,0.0,0.0,-100.0,27.0,0.0,False,4.54,-100.0
AMZN,231.87,2026-08-21,25,320.0,0.08,8.0,38.0,38.0,44711,25.0,0.0,0.0,-100.0,0.0,0.0,-100.0,0.0,0.0,-100.0,27.0,0.0,False,4.77,-100.0
AMZN,231.87,2026-08-21,25,325.0,0.1,10.0,40.2,40.2,3560,50.0,0.0,0.0,-100.0,0.0,0.0,-100.0,0.0,0.0,-100.0,27.0,0.0,False,5.0,-100.0
AMZN,231.87,2026-08-21,25,330.0,0.06,6.0,42.3,42.4,2489,17.0,0.0,0.0,-100.0,0.0,0.0,-100.0,0.0,0.0,-100.0,27.0,0.0,False,5.23,-100.0
AMZN,231.87,2026-08-21,25,335.0,0.06,6.0,44.5,44.5,7587,67.0,0.0,0.0,-100.0,0.0,0.0,-100.0,0.0,0.0,-100.0,27.0,0.0,False,5.45,-100.0
AMZN,231.87,2026-08-21,25,340.0,0.08,8.0,46.6,46.7,2961,75.0,0.0,0.0,-100.0,0.0,0.0,-100.0,0.0,0.0,-100.0,27.0,0.0,False,5.67,-100.0
AMZN,231.87,2026-08-21,25,370.0,0.06,6.0,59.6,59.6,37805,83.0,0.0,0.0,-100.0,0.0,0.0,-100.0,0.0,0.0,-100.0,27.0,0.0,False,6.92,-100.0
AMZN,231.87,2026-08-21,25,380.0,0.14,14.0,63.9,63.9,10014,93.0,0.0,0.0,-100.0,0.0,0.0,-100.0,0.0,0.0,-100.0,27.0,0.0,False,7.32,-100.0
AMZN,231.87,2026-08-21,25,390.0,0.1,10.0,68.2,68.2,4182,90.0,0.0,0.0,-100.0,0.0,0.0,-100.0,0.0,0.0,-100.0,27.0,0.0,False,7.7,-100.0
AMZN,231.87,2026-08-28,32,250.0,5.3,530.0,7.8,10.1,477,6.0,14.8,23.8,-36.0,14.4,25.3,-23.0,9.0,14.0,-67.0,20.9,1.88,False,1.26,-36.0
AMZN,231.87,2026-08-28,32,255.0,4.15,415.0,10.0,11.8,263,7.0,10.6,17.2,-40.0,11.8,19.2,-22.0,6.9,10.3,-71.0,20.9,1.44,False,1.46,-40.0
AMZN,231.87,2026-08-28,32,260.0,3.15,315.0,12.1,13.5,700,7.0,9.0,14.0,-40.0,10.0,17.0,-18.0,5.3,6.6,-74.0,20.9,1.11,False,1.66,-40.0
AMZN,231.87,2026-08-28,32,265.0,2.32,232.0,14.3,15.3,423,5.0,7.4,11.1,-38.0,8.7,13.5,-10.0,4.2,5.0,-76.0,20.9,0.89,False,1.86,-38.0
AMZN,231.87,2026-08-28,32,270.0,1.85,185.0,16.4,17.2,408,9.0,5.6,8.5,-42.0,7.9,10.9,-11.0,2.9,3.7,-82.0,20.9,0.61,False,2.08,-42.0
AMZN,231.87,2026-08-28,32,275.0,1.34,134.0,18.6,19.2,431,10.0,4.5,5.8,-40.0,6.6,7.4,-6.0,2.4,2.6,-86.0,20.9,0.5,False,2.3,-40.0
AMZN,231.87,2026-08-28,32,280.0,1.04,104.0,20.8,21.2,460,17.0,4.2,5.0,-45.0,6.1,6.1,-11.0,1.3,1.9,-92.0,20.9,0.28,False,2.52,-45.0
AMZN,231.87,2026-08-28,32,290.0,0.6,60.0,25.1,25.3,607,22.0,2.6,2.9,-58.0,4.4,4.4,-31.0,0.0,0.0,-100.0,20.9,0.0,False,2.96,-58.0
AMZN,231.87,2026-08-28,32,295.0,0.47,47.0,27.2,27.4,267,30.0,1.9,1.9,-71.0,3.1,3.1,-52.0,0.0,0.0,-100.0,20.9,0.0,False,3.17,-71.0
AMZN,231.87,2026-08-28,32,300.0,0.37,37.0,29.4,29.5,369,43.0,1.3,1.3,-81.0,2.2,2.2,-69.0,0.0,0.0,-100.0,20.9,0.0,False,3.39,-81.0
AMZN,231.87,2026-09-04,39,250.0,6.0,600.0,7.8,10.4,5612,6.0,16.6,27.1,-28.0,17.4,29.9,-15.0,12.1,19.0,-62.0,17.0,2.05,False,1.18,-28.0
AMZN,231.87,2026-09-04,39,255.0,4.75,475.0,10.0,12.0,2633,7.0,13.1,21.2,-31.0,13.8,24.1,-13.0,8.6,12.6,-66.0,17.0,1.46,False,1.35,-31.0
AMZN,231.87,2026-09-04,39,280.0,1.29,129.0,20.8,21.3,421,10.0,5.1,6.4,-41.0,8.0,8.5,-2.0,2.1,2.7,-90.0,17.0,0.36,False,2.29,-41.0
AMZN,231.87,2026-09-18,53,245.0,8.7,870.0,5.7,9.4,13727,1.0,22.6,42.1,-14.0,19.2,43.5,-5.0,18.2,27.3,-46.0,12.3,2.23,False,0.92,-14.0
AMZN,231.87,2026-09-18,53,250.0,7.1,710.0,7.8,10.9,14269,1.0,20.1,33.1,-13.0,17.8,36.9,0.0,16.0,22.9,-50.0,12.3,1.96,False,1.05,-13.0
AMZN,231.87,2026-09-18,53,255.0,5.7,570.0,10.0,12.4,10529,1.0,18.2,27.3,-12.0,17.8,31.3,8.0,14.0,17.6,-54.0,12.3,1.72,False,1.19,-12.0
AMZN,231.87,2026-09-18,53,260.0,4.6,460.0,12.1,14.1,16992,1.0,16.3,24.0,-13.0,17.8,29.0,14.0,12.4,13.8,-60.0,12.3,1.52,False,1.35,-13.0
AMZN,231.87,2026-09-18,53,265.0,3.65,365.0,14.3,15.9,6846,1.0,14.6,18.7,-14.0,17.8,22.0,19.0,9.4,10.5,-68.0,12.3,1.15,False,1.5,-14.0
AMZN,231.87,2026-09-18,53,270.0,2.89,289.0,16.4,17.7,26062,1.0,13.2,15.2,-17.0,16.8,18.7,20.0,6.6,8.3,-76.0,12.3,0.81,False,1.66,-17.0
AMZN,231.87,2026-09-18,53,275.0,2.32,232.0,18.6,19.6,10596,4.0,10.7,12.4,-25.0,15.0,15.9,13.0,5.0,6.3,-85.0,12.3,0.61,False,1.82,-25.0
AMZN,231.87,2026-09-18,53,280.0,1.8,180.0,20.8,21.5,20398,1.0,8.5,10.2,-33.0,12.6,14.5,5.0,2.2,4.7,-93.0,12.3,0.27,False,1.99,-33.0
AMZN,231.87,2026-09-18,53,285.0,1.43,143.0,22.9,23.5,7478,3.0,6.9,8.5,-45.0,10.3,11.7,-11.0,0.6,1.9,-98.0,12.3,0.07,False,2.15,-45.0
AMZN,231.87,2026-09-18,53,290.0,1.16,116.0,25.1,25.6,14763,7.0,5.5,7.2,-60.0,8.9,10.7,-34.0,0.3,0.6,-100.0,12.3,0.03,False,2.32,-60.0
AMZN,231.87,2026-09-18,53,295.0,0.89,89.0,27.2,27.6,7361,4.0,3.3,5.5,-75.0,5.6,8.9,-58.0,0.0,0.3,-100.0,12.3,0.0,False,2.48,-75.0
AMZN,231.87,2026-09-18,53,300.0,0.69,69.0,29.4,29.7,19980,3.0,1.7,4.4,-88.0,2.8,7.0,-79.0,0.0,0.0,-100.0,12.3,0.0,False,2.65,-88.0
AMZN,231.87,2026-09-18,53,305.0,0.56,56.0,31.5,31.8,9432,7.0,0.6,1.9,-95.0,0.9,3.3,-92.0,0.0,0.0,-100.0,12.3,0.0,False,2.81,-95.0
AMZN,231.87,2026-09-18,53,310.0,0.45,45.0,33.7,33.9,4532,13.0,0.3,0.8,-99.0,0.5,1.4,-98.0,0.0,0.0,-100.0,12.3,0.0,False,2.97,-99.0
AMZN,231.87,2026-09-18,53,315.0,0.37,37.0,35.9,36.0,5939,16.0,0.0,0.6,-100.0,0.0,0.9,-100.0,0.0,0.0,-100.0,12.3,0.0,False,3.13,-100.0
AMZN,231.87,2026-09-18,53,320.0,0.3,30.0,38.0,38.1,6461,20.0,0.0,0.0,-100.0,0.0,0.0,-100.0,0.0,0.0,-100.0,12.3,0.0,False,3.29,-100.0
AMZN,231.87,2026-09-18,53,325.0,0.25,25.0,40.2,40.3,5950,20.0,0.0,0.0,-100.0,0.0,0.0,-100.0,0.0,0.0,-100.0,12.3,0.0,False,3.45,-100.0
AMZN,231.87,2026-09-18,53,330.0,0.18,18.0,42.3,42.4,2889,17.0,0.0,0.0,-100.0,0.0,0.0,-100.0,0.0,0.0,-100.0,12.3,0.0,False,3.6,-100.0
AMZN,231.87,2026-09-18,53,340.0,0.12,12.0,46.6,46.7,2139,25.0,0.0,0.0,-100.0,0.0,0.0,-100.0,0.0,0.0,-100.0,12.3,0.0,False,3.9,-100.0
AMZN,231.87,2026-09-18,53,350.0,0.08,8.0,50.9,51.0,13259,25.0,0.0,0.0,-100.0,0.0,0.0,-100.0,0.0,0.0,-100.0,12.3,0.0,False,4.2,-100.0
AMZN,231.87,2026-09-18,53,360.0,0.1,10.0,55.3,55.3,6329,80.0,0.0,0.0,-100.0,0.0,0.0,-100.0,0.0,0.0,-100.0,12.3,0.0,False,4.48,-100.0
AMZN,231.87,2026-09-18,53,370.0,0.1,10.0,59.6,59.6,6749,80.0,0.0,0.0,-100.0,0.0,0.0,-100.0,0.0,0.0,-100.0,12.3,0.0,False,4.76,-100.0
AMZN,231.87,2026-09-18,53,375.0,0.16,16.0,61.7,61.8,323,94.0,0.0,0.0,-100.0,0.0,0.0,-100.0,0.0,0.0,-100.0,12.3,0.0,False,4.9,-100.0
AMZN,231.87,2026-09-18,53,380.0,0.16,16.0,63.9,64.0,3834,94.0,0.0,0.0,-100.0,0.0,0.0,-100.0,0.0,0.0,-100.0,12.3,0.0,False,5.04,-100.0
AMZN,231.87,2026-09-18,53,390.0,0.15,15.0,68.2,68.3,395,93.0,0.0,0.0,-100.0,0.0,0.0,-100.0,0.0,0.0,-100.0,12.3,0.0,False,5.3,-100.0
AMZN,231.87,2026-09-18,53,400.0,0.15,15.0,72.5,72.6,848,93.0,0.0,0.0,-100.0,0.0,0.0,-100.0,0.0,0.0,-100.0,12.3,0.0,False,5.56,-100.0
AMZN,231.87,2026-09-18,53,410.0,0.1,10.0,76.8,76.9,1075,90.0,0.0,0.0,-100.0,0.0,0.0,-100.0,0.0,0.0,-100.0,12.3,0.0,False,5.81,-100.0
META,594.45,2026-08-03,7,650.0,8.4,840.0,9.3,10.8,639,5.0,2.3,4.5,-94.0,2.4,4.5,-92.0,4.8,8.8,-85.0,99.8,4.79,False,1.6,-94.0
META,594.45,2026-08-03,7,652.5,7.95,795.0,9.8,11.1,328,7.0,1.8,4.0,-94.0,2.0,4.0,-93.0,3.8,7.8,-87.0,99.8,3.78,False,1.65,-94.0
META,594.45,2026-08-03,7,655.0,7.5,750.0,10.2,11.4,357,7.0,1.5,3.3,-95.0,1.6,3.2,-94.0,3.3,6.6,-88.0,99.8,3.28,False,1.7,-95.0
META,594.45,2026-08-03,7,700.0,2.55,255.0,17.8,18.2,422,13.0,0.0,0.0,-100.0,0.0,0.0,-100.0,0.0,0.3,-100.0,99.8,0.0,False,2.62,-100.0
META,594.45,2026-08-07,11,660.0,8.15,815.0,11.0,12.4,2566,6.0,4.6,6.9,-79.0,5.3,7.4,-75.0,7.4,10.7,-63.0,62.0,4.58,False,1.45,-79.0
META,594.45,2026-08-07,11,665.0,7.35,735.0,11.9,13.1,289,7.0,4.6,6.1,-80.0,5.3,6.6,-76.0,5.9,9.2,-66.0,62.0,3.63,False,1.53,-80.0
META,594.45,2026-08-07,11,670.0,6.6,660.0,12.7,13.8,2583,8.0,4.6,5.3,-81.0,5.3,5.7,-78.0,5.6,8.4,-68.0,62.0,3.47,False,1.61,-81.0
META,594.45,2026-08-07,11,675.0,5.9,590.0,13.6,14.5,381,7.0,4.3,4.8,-83.0,4.9,4.9,-79.0,4.6,6.6,-69.0,62.0,2.84,False,1.69,-83.0
META,594.45,2026-08-07,11,680.0,5.3,530.0,14.4,15.3,941,7.0,3.3,3.8,-85.0,4.1,4.5,-82.0,4.6,6.1,-70.0,62.0,2.84,False,1.77,-85.0
META,594.45,2026-08-07,11,690.0,4.2,420.0,16.1,16.8,1304,7.0,2.8,3.3,-90.0,3.7,4.5,-88.0,4.6,5.1,-73.0,62.0,2.84,False,1.93,-90.0
META,594.45,2026-08-07,11,700.0,3.35,335.0,17.8,18.3,3574,6.0,1.5,2.0,-96.0,2.0,2.9,-95.0,3.3,3.8,-79.0,62.0,2.05,False,2.09,-96.0
META,594.45,2026-08-07,11,705.0,3.05,305.0,18.6,19.1,301,8.0,0.8,1.3,-98.0,0.8,1.6,-98.0,3.3,3.6,-82.0,62.0,2.05,False,2.17,-98.0
META,594.45,2026-08-07,11,710.0,2.71,271.0,19.4,19.9,286,8.0,0.0,0.5,-100.0,0.0,0.8,-100.0,2.3,2.8,-86.0,62.0,1.42,False,2.25,-100.0
META,594.45,2026-08-07,11,725.0,1.94,194.0,22.0,22.3,349,10.0,0.0,0.0,-100.0,0.0,0.0,-100.0,1.0,1.5,-97.0,62.0,0.63,False,2.5,-100.0
META,594.45,2026-08-07,11,730.0,1.76,176.0,22.8,23.1,294,13.0,0.0,0.0,-100.0,0.0,0.0,-100.0,0.3,0.8,-99.0,62.0,0.16,False,2.58,-100.0
META,594.45,2026-08-07,11,750.0,1.15,115.0,26.2,26.4,979,12.0,0.0,0.0,-100.0,0.0,0.0,-100.0,0.0,0.0,-100.0,62.0,0.0,False,2.9,-100.0
META,594.45,2026-08-07,11,800.0,0.47,47.0,34.6,34.7,487,23.0,0.0,0.0,-100.0,0.0,0.0,-100.0,0.0,0.0,-100.0,62.0,0.0,False,3.69,-100.0
META,594.45,2026-08-07,11,900.0,0.16,16.0,51.4,51.4,272,69.0,0.0,0.0,-100.0,0.0,0.0,-100.0,0.0,0.0,-100.0,62.0,0.0,False,5.15,-100.0
META,594.45,2026-08-07,11,1110.0,1.39,139.0,86.7,87.0,376,100.0,0.0,0.0,-100.0,0.0,0.0,-100.0,0.0,0.0,-100.0,62.0,0.0,False,7.77,-100.0
META,594.45,2026-08-14,18,670.0,8.25,825.0,12.7,14.1,543,5.0,8.2,11.3,-65.0,6.3,10.0,-69.0,10.1,15.7,-41.0,37.8,3.8,False,1.28,-69.0
META,594.45,2026-08-14,18,680.0,6.8,680.0,14.4,15.5,751,7.0,5.9,9.3,-70.0,4.6,9.2,-72.0,8.5,13.1,-45.0,37.8,3.21,False,1.41,-72.0
META,594.45,2026-08-14,18,690.0,5.55,555.0,16.1,17.0,937,7.0,4.6,8.0,-75.0,4.2,8.4,-75.0,8.0,10.8,-48.0,37.8,3.02,False,1.53,-75.0
META,594.45,2026-08-14,18,700.0,4.6,460.0,17.8,18.5,378,7.0,3.1,7.7,-80.0,2.9,8.4,-79.0,5.9,9.3,-55.0,37.8,2.24,False,1.66,-80.0
META,594.45,2026-08-14,18,725.0,2.85,285.0,22.0,22.4,345,10.0,1.8,2.1,-89.0,1.7,2.1,-85.0,2.3,6.4,-69.0,37.8,0.88,False,1.97,-89.0
META,594.45,2026-08-14,18,745.0,1.99,199.0,25.3,25.7,262,12.0,0.5,0.5,-95.0,0.8,0.8,-92.0,1.8,2.3,-77.0,37.8,0.68,False,2.22,-95.0
META,594.45,2026-08-14,18,750.0,1.8,180.0,26.2,26.5,885,14.0,0.5,0.5,-96.0,0.8,0.8,-93.0,1.8,2.1,-80.0,37.8,0.68,False,2.29,-96.0
META,594.45,2026-08-21,25,675.0,9.4,940.0,13.6,15.1,2052,6.0,8.4,13.6,-64.0,4.3,10.7,-83.0,12.5,18.5,-37.0,27.0,3.38,False,1.17,-83.0
META,594.45,2026-08-21,25,680.0,8.45,845.0,14.4,15.8,3501,5.0,6.3,11.7,-67.0,3.4,10.3,-84.0,12.0,18.0,-38.0,27.0,3.24,False,1.22,-84.0
META,594.45,2026-08-21,25,685.0,7.7,770.0,15.2,16.5,4064,4.0,5.5,11.0,-70.0,2.6,9.8,-86.0,11.5,16.7,-41.0,27.0,3.1,False,1.27,-86.0
META,594.45,2026-08-21,25,690.0,7.1,710.0,16.1,17.3,1933,5.0,5.0,10.4,-72.0,2.6,9.4,-87.0,9.9,14.4,-44.0,27.0,2.68,False,1.32,-87.0
META,594.45,2026-08-21,25,695.0,6.45,645.0,16.9,18.0,753,5.0,4.4,9.9,-73.0,2.6,9.4,-88.0,8.4,13.3,-47.0,27.0,2.26,False,1.37,-88.0
META,594.45,2026-08-21,25,700.0,5.9,590.0,17.8,18.7,19546,3.0,3.7,8.9,-75.0,1.7,8.5,-89.0,6.3,11.7,-50.0,27.0,1.69,False,1.42,-89.0
META,594.45,2026-08-21,25,705.0,5.45,545.0,18.6,19.5,791,5.0,2.9,7.3,-77.0,1.7,7.3,-91.0,5.7,11.0,-53.0,27.0,1.55,False,1.48,-91.0
META,594.45,2026-08-21,25,710.0,4.95,495.0,19.4,20.3,2973,5.0,2.6,5.5,-78.0,1.3,5.1,-91.0,5.0,10.4,-55.0,27.0,1.34,False,1.53,-91.0
META,594.45,2026-08-21,25,715.0,4.45,445.0,20.3,21.0,861,3.0,2.3,4.2,-79.0,1.3,3.8,-92.0,4.4,9.9,-56.0,27.0,1.2,False,1.58,-92.0
META,594.45,2026-08-21,25,720.0,4.05,405.0,21.1,21.8,21308,2.0,2.3,3.7,-80.0,1.3,3.0,-93.0,4.2,9.1,-57.0,27.0,1.13,False,1.63,-93.0
META,594.45,2026-08-21,25,725.0,3.8,380.0,22.0,22.6,1585,5.0,2.3,3.1,-81.0,1.3,2.1,-94.0,3.4,7.6,-60.0,27.0,0.92,False,1.69,-94.0
META,594.45,2026-08-21,25,730.0,3.45,345.0,22.8,23.4,5067,4.0,1.6,2.9,-83.0,0.9,2.1,-96.0,2.9,7.0,-61.0,27.0,0.78,False,1.74,-96.0
META,594.45,2026-08-21,25,735.0,3.2,320.0,23.6,24.2,546,6.0,1.6,2.3,-84.0,0.9,1.7,-97.0,2.6,5.0,-63.0,27.0,0.7,False,1.79,-97.0
META,594.45,2026-08-21,25,740.0,2.93,293.0,24.5,25.0,2204,5.0,1.6,2.3,-86.0,0.9,1.7,-98.0,2.3,3.9,-64.0,27.0,0.63,False,1.85,-98.0
META,594.45,2026-08-21,25,745.0,2.71,271.0,25.3,25.8,945,6.0,1.3,1.8,-87.0,0.4,0.9,-99.0,2.3,3.7,-65.0,27.0,0.63,False,1.9,-99.0
META,594.45,2026-08-21,25,750.0,2.45,245.0,26.2,26.6,16846,5.0,1.0,1.8,-88.0,0.0,0.9,-100.0,2.3,3.1,-66.0,27.0,0.63,False,1.95,-100.0
META,594.45,2026-08-21,25,755.0,2.29,229.0,27.0,27.4,508,7.0,1.0,1.6,-90.0,0.0,0.9,-100.0,1.8,2.9,-69.0,27.0,0.49,False,2.0,-100.0
META,594.45,2026-08-21,25,760.0,2.11,211.0,27.8,28.2,3060,6.0,0.8,1.6,-92.0,0.0,0.9,-100.0,1.6,2.3,-71.0,27.0,0.42,False,2.06,-100.0
META,594.45,2026-08-21,25,765.0,1.95,195.0,28.7,29.0,273,7.0,0.8,1.3,-93.0,0.0,0.4,-100.0,1.6,2.3,-72.0,27.0,0.42,False,2.11,-100.0
META,594.45,2026-08-21,25,770.0,1.81,181.0,29.5,29.8,1938,8.0,0.8,1.3,-95.0,0.0,0.4,-100.0,1.6,2.3,-74.0,27.0,0.42,False,2.16,-100.0
META,594.45,2026-08-21,25,775.0,1.67,167.0,30.4,30.7,1293,9.0,0.5,1.0,-96.0,0.0,0.4,-100.0,1.3,1.8,-77.0,27.0,0.35,False,2.21,-100.0
META,594.45,2026-08-21,25,780.0,1.54,154.0,31.2,31.5,2872,6.0,0.5,0.8,-98.0,0.0,0.0,-100.0,1.0,1.8,-79.0,27.0,0.28,False,2.26,-100.0
META,594.45,2026-08-21,25,790.0,1.29,129.0,32.9,33.1,2051,5.0,0.0,0.3,-100.0,0.0,0.0,-100.0,1.0,1.6,-82.0,27.0,0.28,False,2.37,-100.0
META,594.45,2026-08-21,25,795.0,1.24,124.0,33.7,33.9,1022,10.0,0.0,0.3,-100.0,0.0,0.0,-100.0,0.8,1.3,-85.0,27.0,0.21,False,2.42,-100.0
META,594.45,2026-08-21,25,800.0,1.17,117.0,34.6,34.8,14728,6.0,0.0,0.3,-100.0,0.0,0.0,-100.0,0.8,1.3,-88.0,27.0,0.21,False,2.47,-100.0
META,594.45,2026-08-21,25,805.0,1.13,113.0,35.4,35.6,297,12.0,0.0,0.3,-100.0,0.0,0.0,-100.0,0.8,1.3,-91.0,27.0,0.21,False,2.52,-100.0
META,594.45,2026-08-21,25,810.0,1.07,107.0,36.3,36.4,632,14.0,0.0,0.0,-100.0,0.0,0.0,-100.0,0.5,1.0,-94.0,27.0,0.14,False,2.57,-100.0
META,594.45,2026-08-21,25,820.0,0.88,88.0,37.9,38.1,1055,9.0,0.0,0.0,-100.0,0.0,0.0,-100.0,0.3,0.3,-98.0,27.0,0.07,False,2.67,-100.0
META,594.45,2026-08-21,25,830.0,0.79,79.0,39.6,39.8,1017,11.0,0.0,0.0,-100.0,0.0,0.0,-100.0,0.0,0.3,-100.0,27.0,0.0,False,2.77,-100.0
META,594.45,2026-08-21,25,835.0,0.77,77.0,40.5,40.6,663,14.0,0.0,0.0,-100.0,0.0,0.0,-100.0,0.0,0.3,-100.0,27.0,0.0,False,2.82,-100.0
META,594.45,2026-08-21,25,840.0,0.69,69.0,41.3,41.4,347,12.0,0.0,0.0,-100.0,0.0,0.0,-100.0,0.0,0.3,-100.0,27.0,0.0,False,2.87,-100.0
META,594.45,2026-08-21,25,850.0,0.62,62.0,43.0,43.1,1427,13.0,0.0,0.0,-100.0,0.0,0.0,-100.0,0.0,0.0,-100.0,27.0,0.0,False,2.97,-100.0
META,594.45,2026-08-21,25,860.0,0.55,55.0,44.7,44.8,770,13.0,0.0,0.0,-100.0,0.0,0.0,-100.0,0.0,0.0,-100.0,27.0,0.0,False,3.06,-100.0
META,594.45,2026-08-21,25,880.0,0.45,45.0,48.0,48.1,443,16.0,0.0,0.0,-100.0,0.0,0.0,-100.0,0.0,0.0,-100.0,27.0,0.0,False,3.25,-100.0
META,594.45,2026-08-21,25,895.0,0.38,38.0,50.6,50.6,321,18.0,0.0,0.0,-100.0,0.0,0.0,-100.0,0.0,0.0,-100.0,27.0,0.0,False,3.39,-100.0
META,594.45,2026-08-21,25,900.0,0.37,37.0,51.4,51.5,2012,22.0,0.0,0.0,-100.0,0.0,0.0,-100.0,0.0,0.0,-100.0,27.0,0.0,False,3.44,-100.0
META,594.45,2026-08-21,25,920.0,0.32,32.0,54.8,54.8,337,28.0,0.0,0.0,-100.0,0.0,0.0,-100.0,0.0,0.0,-100.0,27.0,0.0,False,3.62,-100.0
META,594.45,2026-08-21,25,950.0,0.25,25.0,59.8,59.9,647,52.0,0.0,0.0,-100.0,0.0,0.0,-100.0,0.0,0.0,-100.0,27.0,0.0,False,3.88,-100.0
META,594.45,2026-08-21,25,960.0,0.34,34.0,61.5,61.6,263,74.0,0.0,0.0,-100.0,0.0,0.0,-100.0,0.0,0.0,-100.0,27.0,0.0,False,3.97,-100.0
META,594.45,2026-08-21,25,990.0,0.26,26.0,66.5,66.6,281,62.0,0.0,0.0,-100.0,0.0,0.0,-100.0,0.0,0.0,-100.0,27.0,0.0,False,4.22,-100.0
META,594.45,2026-08-21,25,1000.0,0.19,19.0,68.2,68.3,1619,37.0,0.0,0.0,-100.0,0.0,0.0,-100.0,0.0,0.0,-100.0,27.0,0.0,False,4.31,-100.0
META,594.45,2026-08-21,25,1010.0,0.31,31.0,69.9,70.0,561,84.0,0.0,0.0,-100.0,0.0,0.0,-100.0,0.0,0.0,-100.0,27.0,0.0,False,4.39,-100.0
META,594.45,2026-08-21,25,1050.0,0.15,15.0,76.6,76.7,1605,33.0,0.0,0.0,-100.0,0.0,0.0,-100.0,0.0,0.0,-100.0,27.0,0.0,False,4.71,-100.0
META,594.45,2026-08-21,25,1080.0,0.17,17.0,81.7,81.7,702,71.0,0.0,0.0,-100.0,0.0,0.0,-100.0,0.0,0.0,-100.0,27.0,0.0,False,4.94,-100.0
META,594.45,2026-08-21,25,1100.0,0.14,14.0,85.0,85.1,405,64.0,0.0,0.0,-100.0,0.0,0.0,-100.0,0.0,0.0,-100.0,27.0,0.0,False,5.09,-100.0
META,594.45,2026-08-21,25,1150.0,0.2,20.0,93.5,93.5,376,95.0,0.0,0.0,-100.0,0.0,0.0,-100.0,0.0,0.0,-100.0,27.0,0.0,False,5.46,-100.0
META,594.45,2026-08-21,25,1250.0,0.16,16.0,110.3,110.3,483,69.0,0.0,0.0,-100.0,0.0,0.0,-100.0,0.0,0.0,-100.0,27.0,0.0,False,6.15,-100.0
META,594.45,2026-08-21,25,1280.0,0.29,29.0,115.3,115.4,384,86.0,0.0,0.0,-100.0,0.0,0.0,-100.0,0.0,0.0,-100.0,27.0,0.0,False,6.35,-100.0
META,594.45,2026-08-21,25,1300.0,0.16,16.0,118.7,118.7,1371,94.0,0.0,0.0,-100.0,0.0,0.0,-100.0,0.0,0.0,-100.0,27.0,0.0,False,6.48,-100.0
META,594.45,2026-08-21,25,1330.0,0.15,15.0,123.7,123.8,820,73.0,0.0,0.0,-100.0,0.0,0.0,-100.0,0.0,0.0,-100.0,27.0,0.0,False,6.67,-100.0
META,594.45,2026-08-21,25,1340.0,0.17,17.0,125.4,125.4,1016,76.0,0.0,0.0,-100.0,0.0,0.0,-100.0,0.0,0.0,-100.0,27.0,0.0,False,6.73,-100.0
META,594.45,2026-08-21,25,1370.0,0.15,15.0,130.5,130.5,1075,93.0,0.0,0.0,-100.0,0.0,0.0,-100.0,0.0,0.0,-100.0,27.0,0.0,False,6.91,-100.0
META,594.45,2026-08-21,25,1390.0,0.11,11.0,133.8,133.8,468,91.0,0.0,0.0,-100.0,0.0,0.0,-100.0,0.0,0.0,-100.0,27.0,0.0,False,7.03,-100.0
META,594.45,2026-08-21,25,1410.0,0.27,27.0,137.2,137.2,501,93.0,0.0,0.0,-100.0,0.0,0.0,-100.0,0.0,0.0,-100.0,27.0,0.0,False,7.15,-100.0
META,594.45,2026-08-21,25,1430.0,0.3,30.0,140.6,140.6,255,100.0,0.0,0.0,-100.0,0.0,0.0,-100.0,0.0,0.0,-100.0,27.0,0.0,False,7.27,-100.0
META,594.45,2026-08-21,25,1440.0,0.07,7.0,142.2,142.3,899,86.0,0.0,0.0,-100.0,0.0,0.0,-100.0,0.0,0.0,-100.0,27.0,0.0,False,7.32,-100.0
META,594.45,2026-08-21,25,1450.0,0.13,13.0,143.9,143.9,271,92.0,0.0,0.0,-100.0,0.0,0.0,-100.0,0.0,0.0,-100.0,27.0,0.0,False,7.38,-100.0
META,594.45,2026-08-21,25,1470.0,0.5,50.0,147.3,147.4,1318,100.0,0.0,0.0,-100.0,0.0,0.0,-100.0,0.0,0.0,-100.0,27.0,0.0,False,7.5,-100.0
META,594.45,2026-08-28,32,700.0,7.35,735.0,17.8,19.0,544,5.0,5.0,10.6,-79.0,0.9,7.0,-98.0,9.8,15.9,-51.0,20.9,2.05,False,1.27,-98.0
META,594.45,2026-08-28,32,750.0,3.3,330.0,26.2,26.7,485,8.0,0.8,1.9,-97.0,0.0,0.9,-100.0,1.9,3.4,-84.0,20.9,0.39,False,1.73,-100.0
META,594.45,2026-08-28,32,780.0,2.07,207.0,31.2,31.6,435,7.0,0.0,0.5,-100.0,0.0,0.0,-100.0,0.8,1.9,-94.0,20.9,0.17,False,2.01,-100.0
META,594.45,2026-08-28,32,800.0,1.56,156.0,34.6,34.8,1154,8.0,0.0,0.3,-100.0,0.0,0.0,-100.0,0.3,1.3,-97.0,20.9,0.06,False,2.19,-100.0
META,594.45,2026-09-18,53,710.0,9.85,985.0,19.4,21.1,2580,4.0,6.6,11.6,-61.0,0.0,1.9,-100.0,8.0,16.5,-34.0,12.3,0.98,False,1.09,-100.0
META,594.45,2026-09-18,53,715.0,9.15,915.0,20.3,21.8,902,3.0,6.1,11.0,-62.0,0.0,1.9,-100.0,7.7,16.0,-33.0,12.3,0.95,False,1.12,-100.0
META,594.45,2026-09-18,53,720.0,8.55,855.0,21.1,22.6,4219,3.0,5.8,10.2,-63.0,0.0,1.4,-100.0,7.7,15.2,-33.0,12.3,0.95,False,1.16,-100.0
META,594.45,2026-09-18,53,725.0,8.05,805.0,22.0,23.3,1807,3.0,5.2,8.8,-64.0,0.0,1.4,-100.0,7.7,14.0,-34.0,12.3,0.95,False,1.19,-100.0
META,594.45,2026-09-18,53,730.0,7.5,750.0,22.8,24.1,2109,4.0,5.0,7.2,-66.0,0.0,1.4,-100.0,7.4,12.1,-34.0,12.3,0.91,False,1.23,-100.0
META,594.45,2026-09-18,53,735.0,7.0,700.0,23.6,24.8,1211,4.0,4.7,6.6,-67.0,0.0,1.4,-100.0,6.6,11.6,-35.0,12.3,0.81,False,1.26,-100.0
META,594.45,2026-09-18,53,740.0,6.55,655.0,24.5,25.6,1950,4.0,4.4,6.6,-69.0,0.0,1.4,-100.0,6.3,11.0,-36.0,12.3,0.78,False,1.3,-100.0
META,594.45,2026-09-18,53,750.0,5.7,570.0,26.2,27.1,12516,4.0,3.9,5.0,-72.0,0.0,0.9,-100.0,5.8,10.2,-38.0,12.3,0.71,False,1.37,-100.0
META,594.45,2026-09-18,53,755.0,5.35,535.0,27.0,27.9,463,4.0,3.9,4.7,-74.0,0.0,0.9,-100.0,5.2,8.8,-40.0,12.3,0.64,False,1.4,-100.0
META,594.45,2026-09-18,53,760.0,5.0,500.0,27.8,28.7,4196,4.0,3.0,3.6,-76.0,0.0,0.5,-100.0,5.0,7.2,-41.0,12.3,0.61,False,1.44,-100.0
META,594.45,2026-09-18,53,765.0,4.7,470.0,28.7,29.5,331,5.0,2.8,3.6,-79.0,0.0,0.5,-100.0,5.0,6.6,-43.0,12.3,0.61,False,1.47,-100.0
META,594.45,2026-09-18,53,770.0,4.4,440.0,29.5,30.3,2418,6.0,2.5,3.0,-80.0,0.0,0.5,-100.0,4.7,6.6,-45.0,12.3,0.57,False,1.51,-100.0
META,594.45,2026-09-18,53,780.0,3.85,385.0,31.2,31.9,3815,5.0,1.7,1.7,-83.0,0.0,0.0,-100.0,4.4,5.2,-48.0,12.3,0.54,False,1.58,-100.0
META,594.45,2026-09-18,53,790.0,3.4,340.0,32.9,33.5,1518,6.0,1.7,1.7,-86.0,0.0,0.0,-100.0,3.9,4.7,-54.0,12.3,0.47,False,1.64,-100.0
META,594.45,2026-09-18,53,800.0,2.95,295.0,34.6,35.1,6041,5.0,1.1,1.1,-89.0,0.0,0.0,-100.0,2.8,3.6,-59.0,12.3,0.34,False,1.71,-100.0
META,594.45,2026-09-18,53,810.0,2.62,262.0,36.3,36.7,848,6.0,1.1,1.1,-92.0,0.0,0.0,-100.0,2.2,2.8,-65.0,12.3,0.27,False,1.78,-100.0
META,594.45,2026-09-18,53,820.0,2.3,230.0,37.9,38.3,943,6.0,0.6,1.1,-96.0,0.0,0.0,-100.0,1.7,1.7,-68.0,12.3,0.2,False,1.85,-100.0
META,594.45,2026-09-18,53,830.0,2.05,205.0,39.6,40.0,485,7.0,0.6,0.8,-98.0,0.0,0.0,-100.0,1.7,1.7,-72.0,12.3,0.2,False,1.92,-100.0
META,594.45,2026-09-18,53,840.0,1.82,182.0,41.3,41.6,416,11.0,0.0,0.3,-100.0,0.0,0.0,-100.0,1.4,1.7,-77.0,12.3,0.17,False,1.98,-100.0
META,594.45,2026-09-18,53,850.0,1.62,162.0,43.0,43.3,10644,7.0,0.0,0.3,-100.0,0.0,0.0,-100.0,1.1,1.1,-82.0,12.3,0.14,False,2.05,-100.0
META,594.45,2026-09-18,53,860.0,1.45,145.0,44.7,44.9,505,8.0,0.0,0.3,-100.0,0.0,0.0,-100.0,1.1,1.1,-87.0,12.3,0.14,False,2.11,-100.0
META,594.45,2026-09-18,53,870.0,1.3,130.0,46.4,46.6,426,10.0,0.0,0.0,-100.0,0.0,0.0,-100.0,0.6,1.1,-94.0,12.3,0.07,False,2.18,-100.0
META,594.45,2026-09-18,53,880.0,1.15,115.0,48.0,48.2,340,9.0,0.0,0.0,-100.0,0.0,0.0,-100.0,0.6,0.6,-97.0,12.3,0.07,False,2.24,-100.0
META,594.45,2026-09-18,53,890.0,1.04,104.0,49.7,49.9,520,10.0,0.0,0.0,-100.0,0.0,0.0,-100.0,0.0,0.3,-100.0,12.3,0.0,False,2.31,-100.0
META,594.45,2026-09-18,53,900.0,0.94,94.0,51.4,51.6,3344,12.0,0.0,0.0,-100.0,0.0,0.0,-100.0,0.0,0.3,-100.0,12.3,0.0,False,2.37,-100.0
META,594.45,2026-09-18,53,910.0,0.84,84.0,53.1,53.2,366,11.0,0.0,0.0,-100.0,0.0,0.0,-100.0,0.0,0.3,-100.0,12.3,0.0,False,2.43,-100.0
META,594.45,2026-09-18,53,920.0,0.76,76.0,54.8,54.9,369,12.0,0.0,0.0,-100.0,0.0,0.0,-100.0,0.0,0.0,-100.0,12.3,0.0,False,2.49,-100.0
META,594.45,2026-09-18,53,930.0,0.68,68.0,56.4,56.6,467,12.0,0.0,0.0,-100.0,0.0,0.0,-100.0,0.0,0.0,-100.0,12.3,0.0,False,2.55,-100.0
META,594.45,2026-09-18,53,940.0,0.62,62.0,58.1,58.2,362,15.0,0.0,0.0,-100.0,0.0,0.0,-100.0,0.0,0.0,-100.0,12.3,0.0,False,2.61,-100.0
META,594.45,2026-09-18,53,950.0,0.56,56.0,59.8,59.9,526,13.0,0.0,0.0,-100.0,0.0,0.0,-100.0,0.0,0.0,-100.0,12.3,0.0,False,2.67,-100.0
META,594.45,2026-09-18,53,960.0,0.51,51.0,61.5,61.6,310,14.0,0.0,0.0,-100.0,0.0,0.0,-100.0,0.0,0.0,-100.0,12.3,0.0,False,2.73,-100.0
META,594.45,2026-09-18,53,980.0,0.42,42.0,64.9,64.9,304,14.0,0.0,0.0,-100.0,0.0,0.0,-100.0,0.0,0.0,-100.0,12.3,0.0,False,2.85,-100.0
META,594.45,2026-09-18,53,990.0,0.39,39.0,66.5,66.6,1078,23.0,0.0,0.0,-100.0,0.0,0.0,-100.0,0.0,0.0,-100.0,12.3,0.0,False,2.91,-100.0
META,594.45,2026-09-18,53,1000.0,0.36,36.0,68.2,68.3,1876,11.0,0.0,0.0,-100.0,0.0,0.0,-100.0,0.0,0.0,-100.0,12.3,0.0,False,2.96,-100.0
META,594.45,2026-09-18,53,1010.0,0.39,39.0,69.9,70.0,3225,41.0,0.0,0.0,-100.0,0.0,0.0,-100.0,0.0,0.0,-100.0,12.3,0.0,False,3.02,-100.0
META,594.45,2026-09-18,53,1020.0,0.4,40.0,71.6,71.7,274,45.0,0.0,0.0,-100.0,0.0,0.0,-100.0,0.0,0.0,-100.0,12.3,0.0,False,3.08,-100.0
META,594.45,2026-09-18,53,1050.0,0.31,31.0,76.6,76.7,284,42.0,0.0,0.0,-100.0,0.0,0.0,-100.0,0.0,0.0,-100.0,12.3,0.0,False,3.24,-100.0
META,594.45,2026-09-18,53,1060.0,0.25,25.0,78.3,78.4,644,52.0,0.0,0.0,-100.0,0.0,0.0,-100.0,0.0,0.0,-100.0,12.3,0.0,False,3.3,-100.0
META,594.45,2026-09-18,53,1080.0,0.3,30.0,81.7,81.7,478,57.0,0.0,0.0,-100.0,0.0,0.0,-100.0,0.0,0.0,-100.0,12.3,0.0,False,3.4,-100.0
META,594.45,2026-09-18,53,1090.0,0.23,23.0,83.4,83.4,1854,43.0,0.0,0.0,-100.0,0.0,0.0,-100.0,0.0,0.0,-100.0,12.3,0.0,False,3.45,-100.0
META,594.45,2026-09-18,53,1100.0,0.27,27.0,85.0,85.1,942,59.0,0.0,0.0,-100.0,0.0,0.0,-100.0,0.0,0.0,-100.0,12.3,0.0,False,3.51,-100.0
META,594.45,2026-09-18,53,1110.0,0.35,35.0,86.7,86.8,277,91.0,0.0,0.0,-100.0,0.0,0.0,-100.0,0.0,0.0,-100.0,12.3,0.0,False,3.56,-100.0
META,594.45,2026-09-18,53,1130.0,0.32,32.0,90.1,90.1,511,94.0,0.0,0.0,-100.0,0.0,0.0,-100.0,0.0,0.0,-100.0,12.3,0.0,False,3.66,-100.0
META,594.45,2026-09-18,53,1160.0,0.24,24.0,95.1,95.2,388,75.0,0.0,0.0,-100.0,0.0,0.0,-100.0,0.0,0.0,-100.0,12.3,0.0,False,3.81,-100.0
META,594.45,2026-09-18,53,1200.0,0.25,25.0,101.9,101.9,313,92.0,0.0,0.0,-100.0,0.0,0.0,-100.0,0.0,0.0,-100.0,12.3,0.0,False,4.0,-100.0
META,594.45,2026-09-18,53,1300.0,0.16,16.0,118.7,118.7,1745,75.0,0.0,0.0,-100.0,0.0,0.0,-100.0,0.0,0.0,-100.0,12.3,0.0,False,4.46,-100.0
META,594.45,2026-09-18,53,1340.0,0.3,30.0,125.4,125.5,312,83.0,0.0,0.0,-100.0,0.0,0.0,-100.0,0.0,0.0,-100.0,12.3,0.0,False,4.63,-100.0
META,594.45,2026-09-18,53,1370.0,0.4,40.0,130.5,130.5,294,100.0,0.0,0.0,-100.0,0.0,0.0,-100.0,0.0,0.0,-100.0,12.3,0.0,False,4.76,-100.0
META,594.45,2026-09-18,53,1430.0,0.39,39.0,140.6,140.6,505,100.0,0.0,0.0,-100.0,0.0,0.0,-100.0,0.0,0.0,-100.0,12.3,0.0,False,5.0,-100.0
META,594.45,2026-09-18,53,1450.0,0.09,9.0,143.9,143.9,847,100.0,0.0,0.0,-100.0,0.0,0.0,-100.0,0.0,0.0,-100.0,12.3,0.0,False,5.08,-100.0
META,594.45,2026-09-18,53,1460.0,1.12,112.0,145.6,145.8,473,100.0,0.0,0.0,-100.0,0.0,0.0,-100.0,0.0,0.0,-100.0,12.3,0.0,False,5.12,-100.0
META,594.45,2026-09-18,53,1480.0,0.06,6.0,149.0,149.0,10830,83.0,0.0,0.0,-100.0,0.0,0.0,-100.0,0.0,0.0,-100.0,12.3,0.0,False,5.2,-100.0
NVDA,196.22,2026-08-03,7,205.0,1.66,166.0,4.5,5.3,689,4.0,19.8,25.9,20.0,13.8,19.4,-36.0,10.6,13.4,-60.0,99.8,10.6,True,1.14,-36.0
NVDA,196.22,2026-08-03,7,207.5,1.14,114.0,5.7,6.3,607,4.0,16.6,21.0,27.0,11.3,14.2,-39.0,6.6,9.0,-66.0,99.8,6.6,True,1.35,-39.0
NVDA,196.22,2026-08-03,7,210.0,0.77,77.0,7.0,7.4,1965,5.0,13.2,16.6,36.0,8.1,10.5,-44.0,4.4,5.8,-71.0,99.8,4.4,False,1.57,-44.0
NVDA,196.22,2026-08-03,7,212.5,0.52,52.0,8.3,8.6,549,8.0,10.0,12.2,41.0,5.7,6.1,-54.0,3.0,3.6,-76.0,99.8,3.0,False,1.8,-54.0
NVDA,196.22,2026-08-03,7,215.0,0.35,35.0,9.6,9.7,1723,9.0,6.6,9.0,44.0,3.2,4.0,-64.0,1.8,2.2,-84.0,99.8,1.8,False,2.04,-64.0
NVDA,196.22,2026-08-03,7,217.5,0.24,24.0,10.8,11.0,886,12.0,5.4,7.0,46.0,2.0,2.4,-77.0,1.0,1.4,-91.0,99.8,1.0,False,2.28,-77.0
NVDA,196.22,2026-08-03,7,220.0,0.17,17.0,12.1,12.2,1277,18.0,3.2,4.6,40.0,0.8,1.2,-86.0,0.6,1.0,-98.0,99.8,0.6,False,2.53,-86.0
NVDA,196.22,2026-08-03,7,225.0,0.09,9.0,14.7,14.7,512,22.0,2.2,2.4,8.0,0.4,0.4,-98.0,0.0,0.0,-100.0,99.8,0.0,False,3.01,-98.0
NVDA,196.22,2026-08-03,7,227.5,0.08,8.0,15.9,16.0,1050,38.0,1.4,1.6,-35.0,0.0,0.0,-100.0,0.0,0.0,-100.0,99.8,0.0,False,3.25,-100.0
NVDA,196.22,2026-08-03,7,230.0,0.07,7.0,17.2,17.2,589,43.0,0.8,1.0,-64.0,0.0,0.0,-100.0,0.0,0.0,-100.0,99.8,0.0,False,3.49,-100.0
NVDA,196.22,2026-08-03,7,232.5,0.06,6.0,18.5,18.5,612,50.0,0.6,1.0,-86.0,0.0,0.0,-100.0,0.0,0.0,-100.0,99.8,0.0,False,3.73,-100.0
NVDA,196.22,2026-08-05,9,210.0,1.17,117.0,7.0,7.6,592,4.0,13.3,18.5,6.0,7.7,11.4,-51.0,4.6,6.8,-77.0,83.0,3.83,False,1.47,-51.0
NVDA,196.22,2026-08-05,9,212.5,0.83,83.0,8.3,8.7,341,5.0,10.2,14.5,8.0,6.1,8.1,-54.0,3.0,4.4,-81.0,83.0,2.5,False,1.67,-54.0
NVDA,196.22,2026-08-05,9,215.0,0.59,59.0,9.6,9.9,481,5.0,8.4,11.2,9.0,5.3,6.1,-61.0,1.6,2.6,-86.0,83.0,1.33,False,1.88,-61.0
NVDA,196.22,2026-08-05,9,220.0,0.31,31.0,12.1,12.3,1089,10.0,4.4,5.6,2.0,1.6,2.0,-83.0,0.6,1.2,-91.0,83.0,0.5,False,2.32,-83.0
NVDA,196.22,2026-08-05,9,225.0,0.18,18.0,14.7,14.8,647,11.0,2.4,3.0,-20.0,0.4,0.8,-99.0,0.4,0.4,-96.0,83.0,0.33,False,2.76,-99.0
NVDA,196.22,2026-08-05,9,230.0,0.12,12.0,17.2,17.3,312,17.0,1.0,1.4,-42.0,0.0,0.0,-100.0,0.0,0.0,-100.0,83.0,0.0,False,3.19,-100.0
NVDA,196.22,2026-08-05,9,235.0,0.08,8.0,19.8,19.8,276,25.0,0.4,0.6,-57.0,0.0,0.0,-100.0,0.0,0.0,-100.0,83.0,0.0,False,3.62,-100.0
NVDA,196.22,2026-08-05,9,240.0,0.07,7.0,22.3,22.3,520,43.0,0.4,0.4,-79.0,0.0,0.0,-100.0,0.0,0.0,-100.0,83.0,0.0,False,4.04,-100.0
NVDA,196.22,2026-08-07,11,200.0,4.6,460.0,1.9,4.3,2858,2.0,33.1,47.8,5.0,23.8,36.1,-32.0,18.5,28.8,-50.0,62.0,11.5,True,0.72,-32.0
NVDA,196.22,2026-08-07,11,202.5,3.6,360.0,3.2,5.0,307,3.0,28.0,41.1,5.0,18.9,29.9,-34.0,13.9,21.8,-58.0,62.0,8.62,True,0.85,-34.0
NVDA,196.22,2026-08-07,11,205.0,2.77,277.0,4.5,5.9,8243,2.0,25.0,36.1,4.0,17.2,25.4,-38.0,10.5,16.9,-65.0,62.0,6.5,True,0.99,-38.0
NVDA,196.22,2026-08-07,11,207.5,2.1,210.0,5.7,6.8,1086,2.0,21.2,29.8,4.0,13.1,20.1,-41.0,7.1,11.5,-71.0,62.0,4.38,False,1.14,-41.0
NVDA,196.22,2026-08-07,11,210.0,1.55,155.0,7.0,7.8,6456,2.0,16.1,24.0,5.0,10.2,16.4,-43.0,5.4,7.7,-74.0,62.0,3.38,False,1.3,-43.0
NVDA,196.22,2026-08-07,11,212.5,1.15,115.0,8.3,8.9,5452,3.0,12.5,18.5,5.0,8.6,11.9,-47.0,4.2,5.8,-78.0,62.0,2.62,False,1.48,-47.0
NVDA,196.22,2026-08-07,11,215.0,0.85,85.0,9.6,10.0,7851,4.0,9.7,14.3,7.0,6.1,8.6,-53.0,2.6,4.2,-82.0,62.0,1.62,False,1.65,-53.0
NVDA,196.22,2026-08-07,11,217.5,0.62,62.0,10.8,11.2,1211,5.0,6.9,10.9,9.0,4.5,6.6,-60.0,1.8,2.8,-85.0,62.0,1.12,False,1.83,-60.0
NVDA,196.22,2026-08-07,11,220.0,0.46,46.0,12.1,12.4,9214,2.0,5.4,7.7,12.0,2.9,4.5,-69.0,0.8,1.6,-88.0,62.0,0.5,False,2.02,-69.0
NVDA,196.22,2026-08-07,11,222.5,0.35,35.0,13.4,13.6,1182,6.0,4.4,6.2,9.0,2.0,2.9,-79.0,0.6,1.0,-91.0,62.0,0.38,False,2.21,-79.0
NVDA,196.22,2026-08-07,11,225.0,0.27,27.0,14.7,14.8,7140,4.0,3.4,5.2,3.0,0.4,1.2,-87.0,0.2,0.6,-92.0,62.0,0.12,False,2.39,-87.0
NVDA,196.22,2026-08-07,11,227.5,0.22,22.0,15.9,16.1,1317,9.0,2.4,3.6,-10.0,0.4,0.8,-90.0,0.2,0.2,-93.0,62.0,0.12,False,2.58,-90.0
NVDA,196.22,2026-08-07,11,230.0,0.17,17.0,17.2,17.3,8740,6.0,1.8,2.6,-14.0,0.4,0.8,-93.0,0.2,0.2,-94.0,62.0,0.12,False,2.77,-93.0
NVDA,196.22,2026-08-07,11,235.0,0.12,12.0,19.8,19.8,3488,8.0,0.8,1.2,-39.0,0.0,0.4,-100.0,0.2,0.2,-100.0,62.0,0.12,False,3.14,-100.0
NVDA,196.22,2026-08-07,11,240.0,0.09,9.0,22.3,22.4,6129,11.0,0.4,0.6,-58.0,0.0,0.0,-100.0,0.0,0.0,-100.0,62.0,0.0,False,3.5,-100.0
NVDA,196.22,2026-08-07,11,245.0,0.07,7.0,24.9,24.9,1904,14.0,0.2,0.2,-63.0,0.0,0.0,-100.0,0.0,0.0,-100.0,62.0,0.0,False,3.85,-100.0
NVDA,196.22,2026-08-07,11,300.0,0.26,26.0,52.9,53.0,335,100.0,0.0,0.0,-100.0,0.0,0.0,-100.0,0.0,0.0,-100.0,62.0,0.0,False,7.38,-100.0
NVDA,196.22,2026-08-07,11,360.0,0.22,22.0,83.5,83.6,434,100.0,0.0,0.0,-100.0,0.0,0.0,-100.0,0.0,0.0,-100.0,62.0,0.0,False,10.53,-100.0
NVDA,196.22,2026-08-07,11,370.0,0.42,42.0,88.6,88.8,473,100.0,0.0,0.0,-100.0,0.0,0.0,-100.0,0.0,0.0,-100.0,62.0,0.0,False,11.02,-100.0
NVDA,196.22,2026-08-14,18,200.0,5.95,595.0,1.9,5.0,1324,1.0,35.4,53.8,16.0,25.5,42.3,-30.0,21.6,33.8,-45.0,37.8,8.15,True,0.66,-30.0
NVDA,196.22,2026-08-14,18,205.0,4.0,400.0,4.5,6.5,2418,3.0,29.1,43.8,19.0,18.0,32.2,-37.0,14.1,22.0,-57.0,37.8,5.31,True,0.86,-37.0
NVDA,196.22,2026-08-14,18,210.0,2.56,256.0,7.0,8.3,3887,3.0,23.6,34.0,23.0,13.0,23.4,-44.0,9.2,14.9,-68.0,37.8,3.46,False,1.09,-44.0
NVDA,196.22,2026-08-14,18,215.0,1.56,156.0,9.6,10.4,4072,3.0,17.1,23.8,27.0,9.2,15.1,-50.0,4.7,7.9,-78.0,37.8,1.77,False,1.34,-50.0
NVDA,196.22,2026-08-14,18,220.0,0.95,95.0,12.1,12.6,5896,4.0,11.8,17.1,27.0,5.4,11.7,-57.0,2.4,3.5,-89.0,37.8,0.92,False,1.61,-57.0
NVDA,196.22,2026-08-14,18,225.0,0.58,58.0,14.7,15.0,4756,3.0,7.9,10.8,21.0,3.3,5.9,-69.0,0.4,1.6,-97.0,37.8,0.15,False,1.9,-69.0
NVDA,196.22,2026-08-14,18,230.0,0.38,38.0,17.2,17.4,5070,5.0,4.7,7.5,-0.0,1.3,3.3,-83.0,0.0,0.4,-100.0,37.8,0.0,False,2.18,-83.0
NVDA,196.22,2026-08-14,18,235.0,0.27,27.0,19.8,19.9,4673,11.0,3.3,4.1,-37.0,0.4,0.8,-93.0,0.0,0.2,-100.0,37.8,0.0,False,2.47,-93.0
NVDA,196.22,2026-08-14,18,240.0,0.2,20.0,22.3,22.4,3730,10.0,1.2,1.6,-72.0,0.0,0.0,-100.0,0.0,0.0,-100.0,37.8,0.0,False,2.75,-100.0
NVDA,196.22,2026-08-14,18,245.0,0.16,16.0,24.9,24.9,3151,12.0,0.2,0.4,-93.0,0.0,0.0,-100.0,0.0,0.0,-100.0,37.8,0.0,False,3.03,-100.0
NVDA,196.22,2026-08-14,18,250.0,0.12,12.0,27.4,27.5,1876,17.0,0.2,0.4,-99.0,0.0,0.0,-100.0,0.0,0.0,-100.0,37.8,0.0,False,3.3,-100.0
NVDA,196.22,2026-08-14,18,255.0,0.11,11.0,30.0,30.0,933,36.0,0.0,0.2,-100.0,0.0,0.0,-100.0,0.0,0.0,-100.0,37.8,0.0,False,3.57,-100.0
NVDA,196.22,2026-08-14,18,260.0,0.08,8.0,32.5,32.5,1632,12.0,0.0,0.0,-100.0,0.0,0.0,-100.0,0.0,0.0,-100.0,37.8,0.0,False,3.83,-100.0
NVDA,196.22,2026-08-14,18,265.0,0.07,7.0,35.0,35.1,392,29.0,0.0,0.0,-100.0,0.0,0.0,-100.0,0.0,0.0,-100.0,37.8,0.0,False,4.09,-100.0
NVDA,196.22,2026-08-14,18,270.0,0.06,6.0,37.6,37.6,1236,17.0,0.0,0.0,-100.0,0.0,0.0,-100.0,0.0,0.0,-100.0,37.8,0.0,False,4.35,-100.0
NVDA,196.22,2026-08-14,18,275.0,0.06,6.0,40.1,40.2,287,50.0,0.0,0.0,-100.0,0.0,0.0,-100.0,0.0,0.0,-100.0,37.8,0.0,False,4.59,-100.0
NVDA,196.22,2026-08-14,18,390.0,0.43,43.0,98.8,99.0,463,100.0,0.0,0.0,-100.0,0.0,0.0,-100.0,0.0,0.0,-100.0,37.8,0.0,False,9.36,-100.0
NVDA,196.22,2026-08-21,25,200.0,7.15,715.0,1.9,5.6,25276,1.0,35.8,56.8,14.0,24.8,42.7,-34.0,21.0,36.0,-47.0,27.0,5.67,True,0.63,-34.0
NVDA,196.22,2026-08-21,25,202.5,6.05,605.0,3.2,6.3,338,1.0,33.5,53.1,16.0,22.6,38.5,-37.0,18.7,32.1,-52.0,27.0,5.06,True,0.7,-37.0
NVDA,196.22,2026-08-21,25,205.0,5.1,510.0,4.5,7.1,18930,1.0,30.5,47.9,17.0,18.8,35.0,-41.0,14.6,27.0,-57.0,27.0,3.94,False,0.79,-41.0
NVDA,196.22,2026-08-21,25,207.5,4.25,425.0,5.7,7.9,2624,2.0,28.6,44.9,19.0,17.1,32.9,-44.0,13.2,22.0,-63.0,27.0,3.56,False,0.88,-44.0
NVDA,196.22,2026-08-21,25,210.0,3.5,350.0,7.0,8.8,36656,1.0,25.7,40.5,21.0,15.0,28.6,-47.0,10.9,19.3,-67.0,27.0,2.94,False,0.98,-47.0
NVDA,196.22,2026-08-21,25,212.5,2.83,283.0,8.3,9.7,3157,1.0,22.6,36.0,24.0,12.4,24.4,-50.0,8.2,14.4,-72.0,27.0,2.22,False,1.07,-50.0
NVDA,196.22,2026-08-21,25,215.0,2.28,228.0,9.6,10.7,32993,1.0,19.8,31.9,26.0,9.0,20.9,-53.0,6.2,11.9,-76.0,27.0,1.67,False,1.18,-53.0
NVDA,196.22,2026-08-21,25,217.5,1.84,184.0,10.8,11.8,1686,2.0,17.1,28.0,27.0,7.3,18.4,-57.0,4.5,9.1,-80.0,27.0,1.22,False,1.29,-57.0
NVDA,196.22,2026-08-21,25,220.0,1.47,147.0,12.1,12.9,52237,1.0,14.4,23.9,28.0,4.7,15.8,-60.0,2.7,6.4,-83.0,27.0,0.72,False,1.4,-60.0
NVDA,196.22,2026-08-21,25,222.5,1.18,118.0,13.4,14.0,1637,2.0,13.2,20.2,28.0,4.7,11.5,-61.0,2.1,3.9,-86.0,27.0,0.56,False,1.51,-61.0
NVDA,196.22,2026-08-21,25,225.0,0.95,95.0,14.7,15.1,37403,2.0,10.9,16.9,25.0,3.4,8.5,-63.0,1.2,2.9,-87.0,27.0,0.33,False,1.63,-63.0
NVDA,196.22,2026-08-21,25,227.5,0.77,77.0,15.9,16.3,2690,3.0,8.6,14.6,21.0,3.0,7.7,-65.0,0.8,1.4,-88.0,27.0,0.22,False,1.75,-65.0
NVDA,196.22,2026-08-21,25,230.0,0.63,63.0,17.2,17.5,72619,2.0,7.0,12.1,15.0,2.6,6.8,-68.0,0.8,1.2,-89.0,27.0,0.22,False,1.87,-68.0
NVDA,196.22,2026-08-21,25,235.0,0.44,44.0,19.8,20.0,27995,2.0,4.5,8.0,-0.0,1.3,3.0,-77.0,0.6,0.6,-93.0,27.0,0.17,False,2.11,-77.0
NVDA,196.22,2026-08-21,25,240.0,0.32,32.0,22.3,22.5,38686,3.0,2.1,4.1,-14.0,0.9,1.3,-85.0,0.2,0.4,-98.0,27.0,0.06,False,2.34,-85.0
NVDA,196.22,2026-08-21,25,245.0,0.25,25.0,24.9,25.0,17538,8.0,1.2,1.9,-28.0,0.4,0.4,-96.0,0.0,0.0,-100.0,27.0,0.0,False,2.58,-96.0
NVDA,196.22,2026-08-21,25,250.0,0.2,20.0,27.4,27.5,94632,5.0,0.8,1.2,-36.0,0.0,0.0,-100.0,0.0,0.0,-100.0,27.0,0.0,False,2.81,-100.0
NVDA,196.22,2026-08-21,25,255.0,0.16,16.0,30.0,30.0,8603,6.0,0.8,1.0,-46.0,0.0,0.0,-100.0,0.0,0.0,-100.0,27.0,0.0,False,3.04,-100.0
NVDA,196.22,2026-08-21,25,260.0,0.13,13.0,32.5,32.6,21552,8.0,0.6,0.6,-63.0,0.0,0.0,-100.0,0.0,0.0,-100.0,27.0,0.0,False,3.26,-100.0
NVDA,196.22,2026-08-21,25,265.0,0.11,11.0,35.0,35.1,6843,9.0,0.4,0.4,-78.0,0.0,0.0,-100.0,0.0,0.0,-100.0,27.0,0.0,False,3.48,-100.0
NVDA,196.22,2026-08-21,25,270.0,0.09,9.0,37.6,37.6,15698,11.0,0.2,0.2,-93.0,0.0,0.0,-100.0,0.0,0.0,-100.0,27.0,0.0,False,3.69,-100.0
NVDA,196.22,2026-08-21,25,275.0,0.08,8.0,40.1,40.2,7904,12.0,0.0,0.0,-100.0,0.0,0.0,-100.0,0.0,0.0,-100.0,27.0,0.0,False,3.91,-100.0
NVDA,196.22,2026-08-21,25,280.0,0.07,7.0,42.7,42.7,11714,14.0,0.0,0.0,-100.0,0.0,0.0,-100.0,0.0,0.0,-100.0,27.0,0.0,False,4.11,-100.0
NVDA,196.22,2026-08-21,25,285.0,0.06,6.0,45.2,45.3,5294,17.0,0.0,0.0,-100.0,0.0,0.0,-100.0,0.0,0.0,-100.0,27.0,0.0,False,4.32,-100.0
NVDA,196.22,2026-08-21,25,290.0,0.06,6.0,47.8,47.8,3433,17.0,0.0,0.0,-100.0,0.0,0.0,-100.0,0.0,0.0,-100.0,27.0,0.0,False,4.52,-100.0
NVDA,196.22,2026-08-28,32,200.0,9.6,960.0,1.9,6.8,1163,2.0,33.1,54.1,4.0,21.0,41.0,-41.0,21.8,34.9,-52.0,20.9,4.57,False,0.67,-41.0
NVDA,196.22,2026-08-28,32,205.0,7.55,755.0,4.5,8.3,2174,3.0,29.9,47.2,2.0,16.6,36.2,-50.0,16.2,26.8,-61.0,20.9,3.39,False,0.82,-50.0
NVDA,196.22,2026-08-28,32,210.0,5.7,570.0,7.0,9.9,4893,3.0,27.4,42.0,3.0,14.0,29.7,-56.0,11.9,19.1,-69.0,20.9,2.48,False,0.97,-56.0
NVDA,196.22,2026-08-28,32,215.0,4.25,425.0,9.6,11.7,6506,4.0,22.7,34.9,3.0,10.0,22.7,-61.0,7.7,12.7,-79.0,20.9,1.61,False,1.13,-61.0
NVDA,196.22,2026-08-28,32,220.0,3.1,310.0,12.1,13.7,6036,3.0,20.0,28.3,1.0,7.9,16.2,-65.0,5.0,8.1,-87.0,20.9,1.04,False,1.31,-65.0
NVDA,196.22,2026-08-28,32,225.0,2.26,226.0,14.7,15.8,3639,3.0,14.8,23.5,-6.0,6.1,12.7,-71.0,1.9,3.3,-94.0,20.9,0.39,False,1.5,-71.0
NVDA,196.22,2026-08-28,32,230.0,1.65,165.0,17.2,18.1,8954,5.0,11.6,18.1,-16.0,5.2,10.0,-79.0,0.6,1.5,-98.0,20.9,0.13,False,1.7,-79.0
NVDA,196.22,2026-08-28,32,235.0,1.2,120.0,19.8,20.4,3035,6.0,7.7,11.4,-31.0,2.2,5.2,-90.0,0.2,0.4,-99.0,20.9,0.04,False,1.9,-90.0
NVDA,196.22,2026-08-28,32,240.0,0.88,88.0,22.3,22.8,4001,6.0,5.2,8.3,-46.0,0.9,3.1,-97.0,0.0,0.2,-100.0,20.9,0.0,False,2.1,-97.0
NVDA,196.22,2026-08-28,32,245.0,0.67,67.0,24.9,25.2,3005,7.0,3.3,4.8,-64.0,0.0,1.3,-100.0,0.0,0.0,-100.0,20.9,0.0,False,2.3,-100.0
NVDA,196.22,2026-08-28,32,250.0,0.51,51.0,27.4,27.7,3346,6.0,1.7,2.9,-78.0,0.0,0.9,-100.0,0.0,0.0,-100.0,20.9,0.0,False,2.5,-100.0
NVDA,196.22,2026-08-28,32,255.0,0.46,46.0,30.0,30.2,674,22.0,0.6,1.2,-89.0,0.0,0.4,-100.0,0.0,0.0,-100.0,20.9,0.0,False,2.7,-100.0
NVDA,196.22,2026-08-28,32,260.0,0.37,37.0,32.5,32.7,1552,41.0,0.4,0.6,-95.0,0.0,0.0,-100.0,0.0,0.0,-100.0,20.9,0.0,False,2.89,-100.0
NVDA,196.22,2026-08-28,32,265.0,0.29,29.0,35.0,35.2,604,14.0,0.2,0.4,-97.0,0.0,0.0,-100.0,0.0,0.0,-100.0,20.9,0.0,False,3.08,-100.0
NVDA,196.22,2026-08-28,32,270.0,0.28,28.0,37.6,37.7,824,46.0,0.0,0.2,-100.0,0.0,0.0,-100.0,0.0,0.0,-100.0,20.9,0.0,False,3.27,-100.0
NVDA,196.22,2026-08-28,32,275.0,0.21,21.0,40.1,40.3,1141,14.0,0.0,0.0,-100.0,0.0,0.0,-100.0,0.0,0.0,-100.0,20.9,0.0,False,3.46,-100.0
NVDA,196.22,2026-08-28,32,295.0,0.26,26.0,50.3,50.5,458,92.0,0.0,0.0,-100.0,0.0,0.0,-100.0,0.0,0.0,-100.0,20.9,0.0,False,4.18,-100.0
NVDA,196.22,2026-08-28,32,300.0,0.18,18.0,52.9,53.0,726,94.0,0.0,0.0,-100.0,0.0,0.0,-100.0,0.0,0.0,-100.0,20.9,0.0,False,4.35,-100.0
NVDA,196.22,2026-09-04,39,210.0,6.7,670.0,7.0,10.4,260,4.0,27.5,44.5,13.0,14.3,33.0,-51.0,15.3,22.9,-63.0,17.0,2.61,False,0.92,-51.0
NVDA,196.22,2026-09-04,39,230.0,2.09,209.0,17.2,18.3,7475,2.0,16.2,22.3,20.0,5.4,11.2,-62.0,2.5,3.4,-90.0,17.0,0.43,False,1.56,-62.0
NVDA,196.22,2026-09-04,39,250.0,0.74,74.0,27.4,27.8,335,16.0,4.0,5.7,-30.0,0.9,2.7,-90.0,0.0,0.0,-100.0,17.0,0.0,False,2.27,-90.0
NVDA,196.22,2026-09-04,39,300.0,0.21,21.0,52.9,53.0,269,76.0,0.0,0.0,-100.0,0.0,0.0,-100.0,0.0,0.0,-100.0,17.0,0.0,False,3.94,-100.0
NVDA,196.22,2026-09-18,53,205.0,9.8,980.0,4.5,9.5,19019,1.0,32.8,54.9,28.0,18.2,45.8,-40.0,20.8,32.0,-48.0,12.3,2.55,False,0.72,-40.0
NVDA,196.22,2026-09-18,53,210.0,7.9,790.0,7.0,11.0,59974,1.0,31.1,48.7,34.0,16.4,38.3,-43.0,18.2,26.6,-54.0,12.3,2.24,False,0.83,-43.0
NVDA,196.22,2026-09-18,53,215.0,6.3,630.0,9.6,12.8,17994,2.0,28.8,42.5,40.0,14.5,34.1,-44.0,15.0,20.6,-61.0,12.3,1.84,False,0.96,-44.0
NVDA,196.22,2026-09-18,53,220.0,4.95,495.0,12.1,14.6,41337,2.0,25.5,37.6,46.0,13.1,28.0,-46.0,10.1,15.2,-70.0,12.3,1.24,False,1.09,-46.0
NVDA,196.22,2026-09-18,53,225.0,3.85,385.0,14.7,16.6,24128,3.0,24.2,33.0,52.0,12.1,23.4,-49.0,6.4,10.1,-79.0,12.3,0.79,False,1.22,-49.0
NVDA,196.22,2026-09-18,53,230.0,2.95,295.0,17.2,18.7,28155,2.0,20.6,27.9,56.0,8.9,14.5,-54.0,4.5,8.2,-85.0,12.3,0.55,False,1.37,-54.0
NVDA,196.22,2026-09-18,53,235.0,2.26,226.0,19.8,20.9,14166,1.0,18.9,24.0,57.0,6.5,10.7,-60.0,2.4,3.6,-91.0,12.3,0.29,False,1.51,-60.0
NVDA,196.22,2026-09-18,53,240.0,1.74,174.0,22.3,23.2,49822,2.0,15.9,20.0,50.0,5.1,8.4,-68.0,1.3,2.1,-95.0,12.3,0.16,False,1.66,-68.0
NVDA,196.22,2026-09-18,53,245.0,1.34,134.0,24.9,25.5,15850,2.0,12.9,16.3,38.0,3.7,7.0,-75.0,0.6,0.9,-98.0,12.3,0.08,False,1.81,-75.0
NVDA,196.22,2026-09-18,53,250.0,1.04,104.0,27.4,27.9,39683,2.0,8.8,12.9,21.0,2.3,6.5,-83.0,0.0,0.2,-100.0,12.3,0.0,False,1.96,-83.0
NVDA,196.22,2026-09-18,53,255.0,0.83,83.0,30.0,30.4,39926,4.0,6.2,9.4,4.0,1.4,5.6,-91.0,0.0,0.0,-100.0,12.3,0.0,False,2.11,-91.0
NVDA,196.22,2026-09-18,53,260.0,0.66,66.0,32.5,32.8,24307,2.0,4.5,7.5,-11.0,0.5,4.2,-94.0,0.0,0.0,-100.0,12.3,0.0,False,2.26,-94.0
NVDA,196.22,2026-09-18,53,265.0,0.55,55.0,35.0,35.3,7589,5.0,4.1,4.9,-33.0,0.5,1.9,-98.0,0.0,0.0,-100.0,12.3,0.0,False,2.41,-98.0
NVDA,196.22,2026-09-18,53,270.0,0.46,46.0,37.6,37.8,27021,4.0,2.1,3.0,-54.0,0.0,0.9,-100.0,0.0,0.0,-100.0,12.3,0.0,False,2.55,-100.0
NVDA,196.22,2026-09-18,53,275.0,0.39,39.0,40.1,40.3,11490,3.0,1.5,2.1,-71.0,0.0,0.9,-100.0,0.0,0.0,-100.0,12.3,0.0,False,2.7,-100.0
NVDA,196.22,2026-09-18,53,280.0,0.34,34.0,42.7,42.9,17726,6.0,1.1,1.1,-85.0,0.0,0.0,-100.0,0.0,0.0,-100.0,12.3,0.0,False,2.84,-100.0
NVDA,196.22,2026-09-18,53,285.0,0.3,30.0,45.2,45.4,3239,7.0,0.6,0.9,-95.0,0.0,0.0,-100.0,0.0,0.0,-100.0,12.3,0.0,False,2.98,-100.0
NVDA,196.22,2026-09-18,53,290.0,0.29,29.0,47.8,47.9,7282,17.0,0.0,0.2,-100.0,0.0,0.0,-100.0,0.0,0.0,-100.0,12.3,0.0,False,3.12,-100.0
NVDA,196.22,2026-09-18,53,295.0,0.25,25.0,50.3,50.5,1222,12.0,0.0,0.0,-100.0,0.0,0.0,-100.0,0.0,0.0,-100.0,12.3,0.0,False,3.25,-100.0
NVDA,196.22,2026-09-18,53,300.0,0.21,21.0,52.9,53.0,29902,5.0,0.0,0.0,-100.0,0.0,0.0,-100.0,0.0,0.0,-100.0,12.3,0.0,False,3.38,-100.0
NVDA,196.22,2026-09-18,53,310.0,0.18,18.0,58.0,58.1,37124,11.0,0.0,0.0,-100.0,0.0,0.0,-100.0,0.0,0.0,-100.0,12.3,0.0,False,3.64,-100.0
NVDA,196.22,2026-09-18,53,320.0,0.16,16.0,63.1,63.2,7726,19.0,0.0,0.0,-100.0,0.0,0.0,-100.0,0.0,0.0,-100.0,12.3,0.0,False,3.9,-100.0
NVDA,196.22,2026-09-18,53,330.0,0.16,16.0,68.2,68.3,3278,31.0,0.0,0.0,-100.0,0.0,0.0,-100.0,0.0,0.0,-100.0,12.3,0.0,False,4.14,-100.0
NVDA,196.22,2026-09-18,53,340.0,0.13,13.0,73.3,73.3,2081,31.0,0.0,0.0,-100.0,0.0,0.0,-100.0,0.0,0.0,-100.0,12.3,0.0,False,4.38,-100.0
NVDA,196.22,2026-09-18,53,350.0,0.11,11.0,78.4,78.4,24258,27.0,0.0,0.0,-100.0,0.0,0.0,-100.0,0.0,0.0,-100.0,12.3,0.0,False,4.61,-100.0
NVDA,196.22,2026-09-18,53,360.0,0.1,10.0,83.5,83.5,2799,50.0,0.0,0.0,-100.0,0.0,0.0,-100.0,0.0,0.0,-100.0,12.3,0.0,False,4.83,-100.0
NVDA,196.22,2026-09-18,53,370.0,0.08,8.0,88.6,88.6,727,12.0,0.0,0.0,-100.0,0.0,0.0,-100.0,0.0,0.0,-100.0,12.3,0.0,False,5.05,-100.0
NVDA,196.22,2026-09-18,53,380.0,0.07,7.0,93.7,93.7,1335,29.0,0.0,0.0,-100.0,0.0,0.0,-100.0,0.0,0.0,-100.0,12.3,0.0,False,5.26,-100.0
NVDA,196.22,2026-09-18,53,390.0,0.1,10.0,98.8,98.8,5410,70.0,0.0,0.0,-100.0,0.0,0.0,-100.0,0.0,0.0,-100.0,12.3,0.0,False,5.47,-100.0
NVDA,196.22,2026-09-18,53,400.0,0.06,6.0,103.8,103.9,13172,33.0,0.0,0.0,-100.0,0.0,0.0,-100.0,0.0,0.0,-100.0,12.3,0.0,False,5.67,-100.0
NVDA,196.22,2026-09-18,53,410.0,0.09,9.0,108.9,109.0,5550,67.0,0.0,0.0,-100.0,0.0,0.0,-100.0,0.0,0.0,-100.0,12.3,0.0,False,5.87,-100.0
NVDA,196.22,2026-09-18,53,430.0,0.09,9.0,119.1,119.2,264,78.0,0.0,0.0,-100.0,0.0,0.0,-100.0,0.0,0.0,-100.0,12.3,0.0,False,6.24,-100.0
NVDA,196.22,2026-09-18,53,455.0,0.26,26.0,131.9,132.0,1563,96.0,0.0,0.0,-100.0,0.0,0.0,-100.0,0.0,0.0,-100.0,12.3,0.0,False,6.7,-100.0
TSLA,305.93,2026-08-03,7,310.0,6.8,680.0,1.3,3.6,319,1.0,32.7,45.1,29.0,27.9,38.9,-12.0,28.3,40.1,11.0,99.8,28.2,True,0.44,-12.0
TSLA,305.93,2026-08-03,7,317.5,4.2,420.0,3.8,5.2,1580,2.0,23.6,33.9,43.0,18.6,25.9,-17.0,21.6,30.5,18.0,99.8,21.6,True,0.64,-17.0
TSLA,305.93,2026-08-03,7,320.0,3.5,350.0,4.6,5.7,1910,3.0,22.2,31.7,52.0,17.0,24.3,-18.0,19.6,27.5,24.0,99.8,19.6,True,0.71,-18.0
TSLA,305.93,2026-08-03,7,322.5,2.93,293.0,5.4,6.4,874,2.0,20.0,28.3,60.0,14.2,20.2,-18.0,18.0,24.2,29.0,99.8,18.0,True,0.79,-18.0
TSLA,305.93,2026-08-03,7,325.0,2.45,245.0,6.2,7.0,822,2.0,18.6,24.8,70.0,12.6,15.8,-19.0,16.0,21.6,34.0,99.8,16.0,True,0.87,-19.0
TSLA,305.93,2026-08-03,7,327.5,2.04,204.0,7.1,7.7,408,2.0,16.6,22.4,80.0,11.7,14.6,-19.0,14.2,18.2,40.0,99.8,14.2,True,0.95,-19.0
TSLA,305.93,2026-08-03,7,330.0,1.7,170.0,7.9,8.4,945,3.0,14.6,19.8,90.0,9.7,12.6,-21.0,12.6,16.2,47.0,99.8,12.6,True,1.03,-21.0
TSLA,305.93,2026-08-03,7,332.5,1.42,142.0,8.7,9.1,447,3.0,13.2,17.0,101.0,8.1,9.7,-23.0,10.8,13.4,53.0,99.8,10.8,True,1.11,-23.0
TSLA,305.93,2026-08-03,7,335.0,1.18,118.0,9.5,9.9,510,3.0,12.0,15.0,114.0,7.3,8.1,-25.0,10.0,12.4,60.0,99.8,10.0,True,1.2,-25.0
TSLA,305.93,2026-08-03,7,340.0,0.83,83.0,11.1,11.4,584,4.0,9.6,12.2,137.0,4.5,6.1,-31.0,7.6,10.0,71.0,99.8,7.6,True,1.37,-31.0
TSLA,305.93,2026-08-03,7,345.0,0.6,60.0,12.8,13.0,323,5.0,7.4,9.8,153.0,3.2,4.9,-40.0,5.4,7.4,81.0,99.8,5.4,True,1.55,-40.0
TSLA,305.93,2026-08-03,7,350.0,0.45,45.0,14.4,14.6,793,7.0,5.4,7.4,165.0,1.6,2.0,-46.0,4.8,6.2,84.0,99.8,4.8,False,1.73,-46.0
TSLA,305.93,2026-08-03,7,355.0,0.34,34.0,16.0,16.2,275,6.0,4.8,6.2,175.0,1.2,1.2,-48.0,4.0,4.8,75.0,99.8,4.0,False,1.91,-48.0
TSLA,305.93,2026-08-03,7,360.0,0.27,27.0,17.7,17.8,507,7.0,4.4,5.4,160.0,1.2,1.2,-57.0,2.8,3.8,56.0,99.8,2.8,False,2.08,-57.0
TSLA,305.93,2026-08-03,7,367.5,0.2,20.0,20.1,20.2,365,10.0,2.6,3.8,122.0,0.8,0.8,-77.0,1.4,2.2,32.0,99.8,1.4,False,2.34,-77.0
TSLA,305.93,2026-08-03,7,375.0,0.16,16.0,22.6,22.6,659,12.0,1.4,2.2,83.0,0.0,0.0,-100.0,1.2,1.4,8.0,99.8,1.2,False,2.6,-100.0
TSLA,305.93,2026-08-03,7,380.0,0.14,14.0,24.2,24.3,2016,14.0,1.2,1.4,66.0,0.0,0.0,-100.0,0.8,0.8,-9.0,99.8,0.8,False,2.76,-100.0
TSLA,305.93,2026-08-03,7,390.0,0.11,11.0,27.5,27.5,432,9.0,0.8,0.8,21.0,0.0,0.0,-100.0,0.2,0.4,-34.0,99.8,0.2,False,3.09,-100.0
TSLA,305.93,2026-08-03,7,400.0,0.09,9.0,30.7,30.8,1117,11.0,0.2,0.4,-9.0,0.0,0.0,-100.0,0.2,0.4,-42.0,99.8,0.2,False,3.42,-100.0
TSLA,305.93,2026-08-03,7,402.5,0.11,11.0,31.6,31.6,298,36.0,0.2,0.4,-30.0,0.0,0.0,-100.0,0.2,0.4,-57.0,99.8,0.2,False,3.5,-100.0
TSLA,305.93,2026-08-03,7,405.0,0.11,11.0,32.4,32.4,269,36.0,0.2,0.4,-35.0,0.0,0.0,-100.0,0.2,0.4,-61.0,99.8,0.2,False,3.57,-100.0
TSLA,305.93,2026-08-03,7,420.0,0.09,9.0,37.3,37.3,297,44.0,0.2,0.4,-53.0,0.0,0.0,-100.0,0.2,0.2,-86.0,99.8,0.2,False,4.04,-100.0
TSLA,305.93,2026-08-03,7,450.0,0.06,6.0,47.1,47.1,483,33.0,0.0,0.0,-100.0,0.0,0.0,-100.0,0.0,0.0,-100.0,99.8,0.0,False,4.91,-100.0
TSLA,305.93,2026-08-03,7,640.0,0.55,55.0,109.2,109.4,337,100.0,0.0,0.0,-100.0,0.0,0.0,-100.0,0.0,0.0,-100.0,99.8,0.0,False,9.41,-100.0
TSLA,305.93,2026-08-03,7,650.0,0.1,10.0,112.5,112.5,289,100.0,0.0,0.0,-100.0,0.0,0.0,-100.0,0.0,0.0,-100.0,99.8,0.0,False,9.59,-100.0
TSLA,305.93,2026-08-03,7,660.0,0.1,10.0,115.7,115.8,420,100.0,0.0,0.0,-100.0,0.0,0.0,-100.0,0.0,0.0,-100.0,99.8,0.0,False,9.79,-100.0
TSLA,305.93,2026-08-03,7,670.0,0.1,10.0,119.0,119.0,1653,100.0,0.0,0.0,-100.0,0.0,0.0,-100.0,0.0,0.0,-100.0,99.8,0.0,False,9.98,-100.0
TSLA,305.93,2026-08-03,7,690.0,0.1,10.0,125.5,125.6,309,100.0,0.0,0.0,-100.0,0.0,0.0,-100.0,0.0,0.0,-100.0,99.8,0.0,False,10.35,-100.0
TSLA,305.93,2026-08-03,7,710.0,0.1,10.0,132.1,132.1,596,100.0,0.0,0.0,-100.0,0.0,0.0,-100.0,0.0,0.0,-100.0,99.8,0.0,False,10.72,-100.0
TSLA,305.93,2026-08-03,7,720.0,0.54,54.0,135.3,135.5,331,100.0,0.0,0.0,-100.0,0.0,0.0,-100.0,0.0,0.0,-100.0,99.8,0.0,False,10.9,-100.0
TSLA,305.93,2026-08-03,7,730.0,0.1,10.0,138.6,138.6,255,100.0,0.0,0.0,-100.0,0.0,0.0,-100.0,0.0,0.0,-100.0,99.8,0.0,False,11.07,-100.0
TSLA,305.93,2026-08-05,9,320.0,4.9,490.0,4.6,6.2,410,2.0,23.1,32.7,26.0,17.5,24.4,-27.0,20.1,28.5,2.0,83.0,16.67,True,0.7,-27.0
TSLA,305.93,2026-08-05,9,322.5,4.25,425.0,5.4,6.8,260,2.0,21.3,29.3,29.0,15.4,19.9,-29.0,19.1,26.3,4.0,83.0,15.83,True,0.76,-29.0
TSLA,305.93,2026-08-05,9,330.0,2.71,271.0,7.9,8.8,516,3.0,16.3,21.5,42.0,11.4,13.8,-33.0,14.1,19.1,10.0,83.0,11.67,True,0.98,-33.0
TSLA,305.93,2026-08-05,9,340.0,1.48,148.0,11.1,11.6,544,3.0,10.8,14.5,60.0,6.1,8.1,-44.0,8.2,11.4,16.0,83.0,6.83,True,1.28,-44.0
TSLA,305.93,2026-08-05,9,350.0,0.84,84.0,14.4,14.7,1218,5.0,7.2,9.2,73.0,2.8,3.3,-57.0,6.2,8.0,16.0,83.0,5.17,True,1.59,-57.0
TSLA,305.93,2026-08-05,9,352.5,0.73,73.0,15.2,15.5,745,4.0,6.8,8.6,75.0,2.8,2.8,-61.0,5.2,7.0,12.0,83.0,4.33,False,1.67,-61.0
TSLA,305.93,2026-08-05,9,360.0,0.5,50.0,17.7,17.8,343,6.0,5.0,6.6,65.0,1.2,1.2,-72.0,3.0,5.0,1.0,83.0,2.5,False,1.91,-72.0
TSLA,305.93,2026-08-05,9,400.0,0.15,15.0,30.7,30.8,396,20.0,0.6,0.6,-39.0,0.0,0.0,-100.0,0.4,0.6,-75.0,83.0,0.33,False,3.12,-100.0
TSLA,305.93,2026-08-05,9,590.0,0.1,10.0,92.9,92.9,861,100.0,0.0,0.0,-100.0,0.0,0.0,-100.0,0.0,0.0,-100.0,83.0,0.0,False,7.63,-100.0
TSLA,305.93,2026-08-05,9,690.0,0.1,10.0,125.5,125.6,254,100.0,0.0,0.0,-100.0,0.0,0.0,-100.0,0.0,0.0,-100.0,83.0,0.0,False,9.45,-100.0
TSLA,305.93,2026-08-05,9,720.0,0.1,10.0,135.3,135.4,309,90.0,0.0,0.0,-100.0,0.0,0.0,-100.0,0.0,0.0,-100.0,83.0,0.0,False,9.95,-100.0
TSLA,305.93,2026-08-05,9,740.0,0.08,8.0,141.9,141.9,291,88.0,0.0,0.0,-100.0,0.0,0.0,-100.0,0.0,0.0,-100.0,83.0,0.0,False,10.26,-100.0
TSLA,305.93,2026-08-07,11,310.0,9.65,965.0,1.3,4.5,558,2.0,32.7,48.6,22.0,26.6,41.0,-19.0,30.2,44.8,4.0,62.0,18.75,True,0.44,-19.0
TSLA,305.93,2026-08-07,11,315.0,7.6,760.0,3.0,5.4,690,1.0,29.6,43.5,27.0,23.4,35.2,-21.0,26.2,39.7,6.0,62.0,16.25,True,0.53,-21.0
TSLA,305.93,2026-08-07,11,320.0,5.95,595.0,4.6,6.5,1224,2.0,25.6,38.3,32.0,18.0,28.3,-23.0,22.4,33.3,7.0,62.0,13.88,True,0.64,-23.0
TSLA,305.93,2026-08-07,11,325.0,4.6,460.0,6.2,7.7,1287,2.0,22.0,31.9,38.0,14.8,23.0,-26.0,19.2,26.6,9.0,62.0,11.88,True,0.75,-26.0
TSLA,305.93,2026-08-07,11,330.0,3.55,355.0,7.9,9.0,2994,3.0,19.0,26.2,45.0,10.7,16.0,-28.0,17.3,22.4,12.0,62.0,10.75,True,0.87,-28.0
TSLA,305.93,2026-08-07,11,335.0,2.68,268.0,9.5,10.4,928,2.0,17.3,22.2,55.0,9.4,13.5,-27.0,14.5,19.4,15.0,62.0,9.0,True,0.99,-27.0
TSLA,305.93,2026-08-07,11,340.0,2.04,204.0,11.1,11.8,1193,1.0,14.7,19.2,61.0,8.2,10.7,-27.0,11.5,15.5,15.0,62.0,7.13,True,1.12,-27.0
TSLA,305.93,2026-08-07,11,345.0,1.56,156.0,12.8,13.3,692,2.0,11.5,15.5,65.0,6.1,8.6,-29.0,9.1,12.9,15.0,62.0,5.62,True,1.25,-29.0
TSLA,305.93,2026-08-07,11,350.0,1.2,120.0,14.4,14.8,2770,2.0,9.3,13.3,68.0,4.5,6.1,-32.0,7.5,10.7,13.0,62.0,4.62,False,1.39,-32.0
TSLA,305.93,2026-08-07,11,352.5,1.06,106.0,15.2,15.6,459,3.0,8.5,12.3,68.0,4.1,5.7,-34.0,6.5,10.1,10.0,62.0,4.0,False,1.46,-34.0
TSLA,305.93,2026-08-07,11,360.0,0.73,73.0,17.7,17.9,1071,3.0,6.5,9.7,65.0,3.3,3.3,-40.0,5.4,8.5,-4.0,62.0,3.38,False,1.66,-40.0
TSLA,305.93,2026-08-07,11,365.0,0.59,59.0,19.3,19.5,595,5.0,5.6,8.9,51.0,2.9,2.9,-54.0,3.8,6.5,-19.0,62.0,2.38,False,1.79,-54.0
TSLA,305.93,2026-08-07,11,370.0,0.47,47.0,20.9,21.1,1064,4.0,4.0,7.3,35.0,2.0,2.5,-69.0,2.6,3.6,-34.0,62.0,1.62,False,1.93,-69.0
TSLA,305.93,2026-08-07,11,372.5,0.43,43.0,21.8,21.9,329,5.0,3.8,6.5,24.0,1.6,2.0,-77.0,1.8,2.6,-41.0,62.0,1.12,False,1.99,-77.0
TSLA,305.93,2026-08-07,11,375.0,0.39,39.0,22.6,22.7,785,5.0,3.4,5.4,13.0,1.6,2.0,-85.0,1.6,2.4,-46.0,62.0,1.0,False,2.06,-85.0
TSLA,305.93,2026-08-07,11,377.5,0.36,36.0,23.4,23.5,835,6.0,2.6,3.4,1.0,0.8,0.8,-91.0,1.6,2.2,-52.0,62.0,1.0,False,2.12,-91.0
TSLA,305.93,2026-08-07,11,380.0,0.33,33.0,24.2,24.3,1454,6.0,2.0,2.8,-8.0,0.8,0.8,-96.0,1.4,1.8,-60.0,62.0,0.87,False,2.19,-96.0
TSLA,305.93,2026-08-07,11,385.0,0.28,28.0,25.8,25.9,949,4.0,1.6,2.4,-22.0,0.0,0.0,-100.0,1.0,1.4,-73.0,62.0,0.62,False,2.32,-100.0
TSLA,305.93,2026-08-07,11,387.5,0.26,26.0,26.7,26.7,962,4.0,1.6,2.0,-32.0,0.0,0.0,-100.0,0.6,1.0,-79.0,62.0,0.38,False,2.39,-100.0
TSLA,305.93,2026-08-07,11,390.0,0.24,24.0,27.5,27.6,1067,8.0,1.2,1.8,-42.0,0.0,0.0,-100.0,0.6,1.0,-84.0,62.0,0.38,False,2.45,-100.0
TSLA,305.93,2026-08-07,11,395.0,0.21,21.0,29.1,29.2,981,5.0,1.0,1.4,-60.0,0.0,0.0,-100.0,0.2,1.0,-92.0,62.0,0.12,False,2.58,-100.0
TSLA,305.93,2026-08-07,11,400.0,0.18,18.0,30.7,30.8,4673,6.0,0.6,1.0,-73.0,0.0,0.0,-100.0,0.2,1.0,-96.0,62.0,0.12,False,2.7,-100.0
TSLA,305.93,2026-08-07,11,402.5,0.18,18.0,31.6,31.6,251,11.0,0.4,1.0,-81.0,0.0,0.0,-100.0,0.2,1.0,-99.0,62.0,0.12,False,2.76,-100.0
TSLA,305.93,2026-08-07,11,405.0,0.17,17.0,32.4,32.4,2854,6.0,0.4,1.0,-86.0,0.0,0.0,-100.0,0.0,0.8,-100.0,62.0,0.0,False,2.83,-100.0
TSLA,305.93,2026-08-07,11,410.0,0.16,16.0,34.0,34.1,1389,12.0,0.2,1.0,-93.0,0.0,0.0,-100.0,0.0,0.8,-100.0,62.0,0.0,False,2.95,-100.0
TSLA,305.93,2026-08-07,11,415.0,0.15,15.0,35.7,35.7,616,7.0,0.2,1.0,-99.0,0.0,0.0,-100.0,0.0,0.4,-100.0,62.0,0.0,False,3.07,-100.0
TSLA,305.93,2026-08-07,11,420.0,0.14,14.0,37.3,37.3,3655,7.0,0.0,0.8,-100.0,0.0,0.0,-100.0,0.0,0.2,-100.0,62.0,0.0,False,3.19,-100.0
TSLA,305.93,2026-08-07,11,425.0,0.13,13.0,38.9,39.0,1112,15.0,0.0,0.8,-100.0,0.0,0.0,-100.0,0.0,0.2,-100.0,62.0,0.0,False,3.31,-100.0
TSLA,305.93,2026-08-07,11,430.0,0.12,12.0,40.6,40.6,1185,17.0,0.0,0.2,-100.0,0.0,0.0,-100.0,0.0,0.0,-100.0,62.0,0.0,False,3.43,-100.0
TSLA,305.93,2026-08-07,11,435.0,0.12,12.0,42.2,42.2,919,17.0,0.0,0.2,-100.0,0.0,0.0,-100.0,0.0,0.0,-100.0,62.0,0.0,False,3.54,-100.0
TSLA,305.93,2026-08-07,11,440.0,0.11,11.0,43.8,43.9,3118,18.0,0.0,0.2,-100.0,0.0,0.0,-100.0,0.0,0.0,-100.0,62.0,0.0,False,3.66,-100.0
TSLA,305.93,2026-08-07,11,445.0,0.11,11.0,45.5,45.5,379,18.0,0.0,0.0,-100.0,0.0,0.0,-100.0,0.0,0.0,-100.0,62.0,0.0,False,3.77,-100.0
TSLA,305.93,2026-08-07,11,450.0,0.1,10.0,47.1,47.1,2023,10.0,0.0,0.0,-100.0,0.0,0.0,-100.0,0.0,0.0,-100.0,62.0,0.0,False,3.89,-100.0
TSLA,305.93,2026-08-07,11,455.0,0.1,10.0,48.7,48.8,346,20.0,0.0,0.0,-100.0,0.0,0.0,-100.0,0.0,0.0,-100.0,62.0,0.0,False,4.0,-100.0
TSLA,305.93,2026-08-07,11,460.0,0.09,9.0,50.4,50.4,610,11.0,0.0,0.0,-100.0,0.0,0.0,-100.0,0.0,0.0,-100.0,62.0,0.0,False,4.11,-100.0
TSLA,305.93,2026-08-07,11,465.0,0.1,10.0,52.0,52.0,699,30.0,0.0,0.0,-100.0,0.0,0.0,-100.0,0.0,0.0,-100.0,62.0,0.0,False,4.22,-100.0
TSLA,305.93,2026-08-07,11,470.0,0.09,9.0,53.6,53.7,2676,22.0,0.0,0.0,-100.0,0.0,0.0,-100.0,0.0,0.0,-100.0,62.0,0.0,False,4.32,-100.0
TSLA,305.93,2026-08-07,11,475.0,0.08,8.0,55.3,55.3,680,25.0,0.0,0.0,-100.0,0.0,0.0,-100.0,0.0,0.0,-100.0,62.0,0.0,False,4.43,-100.0
TSLA,305.93,2026-08-07,11,480.0,0.09,9.0,56.9,56.9,1783,33.0,0.0,0.0,-100.0,0.0,0.0,-100.0,0.0,0.0,-100.0,62.0,0.0,False,4.53,-100.0
TSLA,305.93,2026-08-07,11,485.0,0.08,8.0,58.5,58.6,255,25.0,0.0,0.0,-100.0,0.0,0.0,-100.0,0.0,0.0,-100.0,62.0,0.0,False,4.64,-100.0
TSLA,305.93,2026-08-07,11,490.0,0.07,7.0,60.2,60.2,398,29.0,0.0,0.0,-100.0,0.0,0.0,-100.0,0.0,0.0,-100.0,62.0,0.0,False,4.74,-100.0
TSLA,305.93,2026-08-07,11,500.0,0.07,7.0,63.4,63.5,1509,29.0,0.0,0.0,-100.0,0.0,0.0,-100.0,0.0,0.0,-100.0,62.0,0.0,False,4.94,-100.0
TSLA,305.93,2026-08-07,11,505.0,0.09,9.0,65.1,65.1,310,67.0,0.0,0.0,-100.0,0.0,0.0,-100.0,0.0,0.0,-100.0,62.0,0.0,False,5.05,-100.0
TSLA,305.93,2026-08-07,11,510.0,0.06,6.0,66.7,66.7,292,17.0,0.0,0.0,-100.0,0.0,0.0,-100.0,0.0,0.0,-100.0,62.0,0.0,False,5.14,-100.0
TSLA,305.93,2026-08-07,11,520.0,0.08,8.0,70.0,70.0,3327,62.0,0.0,0.0,-100.0,0.0,0.0,-100.0,0.0,0.0,-100.0,62.0,0.0,False,5.34,-100.0
TSLA,305.93,2026-08-07,11,530.0,0.09,9.0,73.2,73.3,379,67.0,0.0,0.0,-100.0,0.0,0.0,-100.0,0.0,0.0,-100.0,62.0,0.0,False,5.53,-100.0
TSLA,305.93,2026-08-07,11,545.0,0.09,9.0,78.1,78.2,294,89.0,0.0,0.0,-100.0,0.0,0.0,-100.0,0.0,0.0,-100.0,62.0,0.0,False,5.81,-100.0
TSLA,305.93,2026-08-07,11,590.0,0.14,14.0,92.9,92.9,357,93.0,0.0,0.0,-100.0,0.0,0.0,-100.0,0.0,0.0,-100.0,62.0,0.0,False,6.61,-100.0
TSLA,305.93,2026-08-07,11,600.0,0.13,13.0,96.1,96.2,302,100.0,0.0,0.0,-100.0,0.0,0.0,-100.0,0.0,0.0,-100.0,62.0,0.0,False,6.78,-100.0
TSLA,305.93,2026-08-07,11,650.0,0.24,24.0,112.5,112.5,439,100.0,0.0,0.0,-100.0,0.0,0.0,-100.0,0.0,0.0,-100.0,62.0,0.0,False,7.59,-100.0
TSLA,305.93,2026-08-07,11,660.0,0.3,30.0,115.7,115.8,407,100.0,0.0,0.0,-100.0,0.0,0.0,-100.0,0.0,0.0,-100.0,62.0,0.0,False,7.74,-100.0
TSLA,305.93,2026-08-14,18,315.0,10.0,1000.0,3.0,6.2,435,1.0,34.8,50.7,43.0,28.9,42.3,-11.0,31.0,47.5,18.0,37.8,11.69,True,0.48,-11.0
TSLA,305.93,2026-08-14,18,320.0,8.2,820.0,4.6,7.3,538,1.0,31.6,46.6,49.0,23.4,37.7,-13.0,27.9,40.9,20.0,37.8,10.54,True,0.55,-13.0
TSLA,305.93,2026-08-14,18,325.0,6.65,665.0,6.2,8.4,365,2.0,28.3,40.7,56.0,20.1,31.0,-16.0,23.8,36.3,23.0,37.8,9.0,True,0.64,-16.0
TSLA,305.93,2026-08-14,18,330.0,5.4,540.0,7.9,9.6,691,2.0,24.6,36.7,62.0,15.9,27.2,-20.0,20.4,32.2,25.0,37.8,7.69,True,0.73,-20.0
TSLA,305.93,2026-08-14,18,335.0,4.35,435.0,9.5,10.9,736,2.0,21.0,32.2,70.0,13.0,22.6,-22.0,17.9,27.9,29.0,37.8,6.77,True,0.82,-22.0
TSLA,305.93,2026-08-14,18,340.0,3.5,350.0,11.1,12.3,703,3.0,18.9,28.7,79.0,10.9,18.4,-24.0,15.5,23.2,33.0,37.8,5.85,True,0.91,-24.0
TSLA,305.93,2026-08-14,18,345.0,2.79,279.0,12.8,13.7,364,1.0,16.9,24.4,90.0,8.8,13.8,-24.0,12.8,19.1,38.0,37.8,4.85,False,1.01,-24.0
TSLA,305.93,2026-08-14,18,350.0,2.25,225.0,14.4,15.1,1100,2.0,13.2,20.2,98.0,6.7,9.6,-25.0,11.2,16.1,42.0,37.8,4.23,False,1.11,-25.0
TSLA,305.93,2026-08-14,18,355.0,1.82,182.0,16.0,16.6,252,2.0,12.0,16.7,108.0,5.4,7.5,-27.0,10.2,14.9,45.0,37.8,3.85,False,1.21,-27.0
TSLA,305.93,2026-08-14,18,360.0,1.48,148.0,17.7,18.2,1482,2.0,11.0,15.7,116.0,5.0,6.3,-28.0,8.8,13.2,44.0,37.8,3.31,False,1.32,-28.0
TSLA,305.93,2026-08-14,18,370.0,1.0,100.0,20.9,21.3,810,2.0,8.6,12.6,119.0,3.8,3.8,-39.0,6.1,8.8,35.0,37.8,2.31,False,1.52,-39.0
TSLA,305.93,2026-08-14,18,375.0,0.83,83.0,22.6,22.8,812,2.0,6.9,9.8,115.0,3.3,3.8,-49.0,4.7,7.7,29.0,37.8,1.77,False,1.62,-49.0
TSLA,305.93,2026-08-14,18,380.0,0.71,71.0,24.2,24.4,1372,4.0,6.1,8.8,106.0,2.9,3.3,-62.0,3.5,6.3,20.0,37.8,1.31,False,1.73,-62.0
TSLA,305.93,2026-08-14,18,385.0,0.6,60.0,25.8,26.0,1053,3.0,4.7,7.7,97.0,2.1,3.3,-77.0,2.6,4.7,15.0,37.8,1.0,False,1.83,-77.0
TSLA,305.93,2026-08-14,18,390.0,0.52,52.0,27.5,27.7,1714,6.0,3.5,6.3,87.0,0.8,1.7,-89.0,2.0,3.5,9.0,37.8,0.77,False,1.93,-89.0
TSLA,305.93,2026-08-14,18,395.0,0.45,45.0,29.1,29.3,751,4.0,2.9,4.9,79.0,0.8,0.8,-97.0,1.8,3.5,5.0,37.8,0.69,False,2.03,-97.0
TSLA,305.93,2026-08-14,18,400.0,0.4,40.0,30.7,30.9,3432,5.0,2.2,3.7,69.0,0.0,0.0,-100.0,1.8,2.6,-4.0,37.8,0.69,False,2.12,-100.0
TSLA,305.93,2026-08-14,18,405.0,0.36,36.0,32.4,32.5,488,8.0,1.8,3.5,60.0,0.0,0.0,-100.0,1.6,1.8,-18.0,37.8,0.62,False,2.22,-100.0
TSLA,305.93,2026-08-14,18,410.0,0.32,32.0,34.0,34.1,467,6.0,1.8,3.1,51.0,0.0,0.0,-100.0,1.0,1.6,-27.0,37.8,0.38,False,2.32,-100.0
TSLA,305.93,2026-08-14,18,415.0,0.29,29.0,35.7,35.7,539,3.0,1.6,2.2,35.0,0.0,0.0,-100.0,0.6,1.0,-36.0,37.8,0.23,False,2.41,-100.0
TSLA,305.93,2026-08-14,18,420.0,0.26,26.0,37.3,37.4,1620,4.0,1.4,1.6,20.0,0.0,0.0,-100.0,0.6,0.8,-40.0,37.8,0.23,False,2.51,-100.0
TSLA,305.93,2026-08-14,18,425.0,0.24,24.0,38.9,39.0,864,8.0,1.0,1.6,6.0,0.0,0.0,-100.0,0.4,0.6,-48.0,37.8,0.15,False,2.6,-100.0
TSLA,305.93,2026-08-14,18,430.0,0.22,22.0,40.6,40.6,665,9.0,0.6,0.8,-5.0,0.0,0.0,-100.0,0.4,0.4,-53.0,37.8,0.15,False,2.69,-100.0
TSLA,305.93,2026-08-14,18,435.0,0.21,21.0,42.2,42.3,533,5.0,0.6,0.8,-15.0,0.0,0.0,-100.0,0.2,0.2,-59.0,37.8,0.08,False,2.78,-100.0
TSLA,305.93,2026-08-14,18,440.0,0.2,20.0,43.8,43.9,359,15.0,0.6,0.8,-26.0,0.0,0.0,-100.0,0.2,0.2,-62.0,37.8,0.08,False,2.87,-100.0
TSLA,305.93,2026-08-14,18,445.0,0.19,19.0,45.5,45.5,695,16.0,0.4,0.4,-34.0,0.0,0.0,-100.0,0.2,0.2,-65.0,37.8,0.08,False,2.96,-100.0
TSLA,305.93,2026-08-14,18,450.0,0.18,18.0,47.1,47.2,1758,17.0,0.4,0.4,-41.0,0.0,0.0,-100.0,0.2,0.2,-69.0,37.8,0.08,False,3.05,-100.0
TSLA,305.93,2026-08-14,18,460.0,0.16,16.0,50.4,50.4,379,12.0,0.2,0.2,-48.0,0.0,0.0,-100.0,0.2,0.2,-78.0,37.8,0.08,False,3.22,-100.0
TSLA,305.93,2026-08-14,18,465.0,0.16,16.0,52.0,52.0,298,12.0,0.2,0.2,-54.0,0.0,0.0,-100.0,0.2,0.2,-84.0,37.8,0.08,False,3.31,-100.0
TSLA,305.93,2026-08-14,18,470.0,0.15,15.0,53.6,53.7,312,20.0,0.2,0.2,-58.0,0.0,0.0,-100.0,0.2,0.2,-90.0,37.8,0.08,False,3.39,-100.0
TSLA,305.93,2026-08-14,18,480.0,0.14,14.0,56.9,56.9,343,14.0,0.2,0.2,-69.0,0.0,0.0,-100.0,0.0,0.0,-100.0,37.8,0.0,False,3.56,-100.0
TSLA,305.93,2026-08-14,18,495.0,0.12,12.0,61.8,61.8,407,17.0,0.2,0.2,-90.0,0.0,0.0,-100.0,0.0,0.0,-100.0,37.8,0.0,False,3.8,-100.0
TSLA,305.93,2026-08-14,18,500.0,0.12,12.0,63.4,63.5,613,25.0,0.2,0.2,-98.0,0.0,0.0,-100.0,0.0,0.0,-100.0,37.8,0.0,False,3.88,-100.0
TSLA,305.93,2026-08-14,18,510.0,0.11,11.0,66.7,66.7,256,27.0,0.0,0.0,-100.0,0.0,0.0,-100.0,0.0,0.0,-100.0,37.8,0.0,False,4.04,-100.0
TSLA,305.93,2026-08-14,18,520.0,0.13,13.0,70.0,70.0,285,38.0,0.0,0.0,-100.0,0.0,0.0,-100.0,0.0,0.0,-100.0,37.8,0.0,False,4.19,-100.0
TSLA,305.93,2026-08-14,18,550.0,0.1,10.0,79.8,79.8,337,40.0,0.0,0.0,-100.0,0.0,0.0,-100.0,0.0,0.0,-100.0,37.8,0.0,False,4.63,-100.0
TSLA,305.93,2026-08-14,18,600.0,0.16,16.0,96.1,96.2,638,81.0,0.0,0.0,-100.0,0.0,0.0,-100.0,0.0,0.0,-100.0,37.8,0.0,False,5.32,-100.0
TSLA,305.93,2026-08-21,25,325.0,8.5,850.0,6.2,9.0,2072,1.0,27.8,43.2,71.0,23.1,34.6,0.0,25.7,38.7,38.0,27.0,6.94,True,0.58,0.0
TSLA,305.93,2026-08-21,25,330.0,7.1,710.0,7.9,10.2,2922,1.0,27.0,39.3,83.0,22.6,31.2,2.0,23.0,35.4,45.0,27.0,6.22,True,0.65,2.0
TSLA,305.93,2026-08-21,25,335.0,5.9,590.0,9.5,11.4,848,2.0,24.3,37.2,96.0,19.7,29.5,3.0,20.6,32.3,52.0,27.0,5.56,True,0.73,3.0
TSLA,305.93,2026-08-21,25,340.0,4.85,485.0,11.1,12.7,1814,1.0,22.0,33.7,111.0,16.7,25.2,2.0,19.5,28.0,62.0,27.0,5.28,True,0.8,2.0
TSLA,305.93,2026-08-21,25,345.0,4.05,405.0,12.8,14.1,846,2.0,20.0,28.8,124.0,13.2,18.8,-0.0,18.1,24.1,69.0,27.0,4.89,False,0.88,-0.0
TSLA,305.93,2026-08-21,25,350.0,3.35,335.0,14.4,15.5,9234,3.0,18.7,25.3,140.0,11.5,15.8,-1.0,16.7,21.6,77.0,27.0,4.5,False,0.97,-1.0
TSLA,305.93,2026-08-21,25,355.0,2.76,276.0,16.0,16.9,644,1.0,17.5,22.2,157.0,9.8,12.4,-1.0,14.4,19.5,85.0,27.0,3.89,False,1.05,-1.0
TSLA,305.93,2026-08-21,25,360.0,2.29,229.0,17.7,18.4,3487,1.0,15.8,20.6,172.0,8.1,9.8,-3.0,13.6,17.9,91.0,27.0,3.67,False,1.13,-3.0
TSLA,305.93,2026-08-21,25,362.5,2.1,210.0,18.5,19.2,1318,1.0,15.0,20.0,177.0,7.7,9.0,-4.0,13.0,17.1,91.0,27.0,3.5,False,1.18,-4.0
TSLA,305.93,2026-08-21,25,365.0,1.92,192.0,19.3,19.9,526,2.0,14.4,18.7,183.0,7.7,8.5,-5.0,12.6,15.8,92.0,27.0,3.39,False,1.22,-5.0
TSLA,305.93,2026-08-21,25,367.5,1.76,176.0,20.1,20.7,517,2.0,14.0,18.3,188.0,7.7,8.5,-7.0,11.1,14.8,92.0,27.0,3.0,False,1.26,-7.0
TSLA,305.93,2026-08-21,25,370.0,1.62,162.0,20.9,21.5,2869,2.0,13.4,17.5,191.0,7.3,8.1,-11.0,9.9,13.6,90.0,27.0,2.67,False,1.3,-11.0
TSLA,305.93,2026-08-21,25,372.5,1.48,148.0,21.8,22.2,373,2.0,13.0,16.7,196.0,6.8,8.1,-15.0,9.5,12.3,91.0,27.0,2.56,False,1.35,-15.0
TSLA,305.93,2026-08-21,25,375.0,1.37,137.0,22.6,23.0,2870,2.0,12.6,15.8,196.0,6.0,7.7,-21.0,9.1,12.1,89.0,27.0,2.44,False,1.39,-21.0
TSLA,305.93,2026-08-21,25,377.5,1.26,126.0,23.4,23.8,737,2.0,11.1,14.6,197.0,5.1,7.3,-27.0,8.2,12.1,87.0,27.0,2.22,False,1.43,-27.0
TSLA,305.93,2026-08-21,25,380.0,1.17,117.0,24.2,24.6,4602,3.0,10.3,13.6,195.0,4.3,5.6,-32.0,8.0,11.7,84.0,27.0,2.17,False,1.48,-32.0
TSLA,305.93,2026-08-21,25,382.5,1.08,108.0,25.0,25.4,753,2.0,9.5,12.3,196.0,4.3,4.7,-36.0,7.6,11.1,80.0,27.0,2.06,False,1.52,-36.0
TSLA,305.93,2026-08-21,25,385.0,1.0,100.0,25.8,26.2,3152,2.0,9.3,12.3,196.0,3.8,4.7,-42.0,7.2,10.7,76.0,27.0,1.94,False,1.56,-42.0
TSLA,305.93,2026-08-21,25,390.0,0.87,87.0,27.5,27.8,5882,2.0,8.2,11.9,189.0,3.4,4.7,-54.0,5.8,9.3,64.0,27.0,1.56,False,1.64,-54.0
TSLA,305.93,2026-08-21,25,395.0,0.76,76.0,29.1,29.4,4653,3.0,7.6,11.1,179.0,3.0,4.3,-68.0,4.7,7.2,52.0,27.0,1.28,False,1.73,-68.0
TSLA,305.93,2026-08-21,25,400.0,0.67,67.0,30.7,31.0,13522,3.0,6.4,9.7,163.0,1.7,3.4,-84.0,3.9,5.8,40.0,27.0,1.06,False,1.81,-84.0
TSLA,305.93,2026-08-21,25,405.0,0.6,60.0,32.4,32.6,3418,5.0,5.3,8.0,143.0,1.3,2.1,-95.0,3.1,4.5,27.0,27.0,0.83,False,1.89,-95.0
TSLA,305.93,2026-08-21,25,410.0,0.53,53.0,34.0,34.2,5866,4.0,4.1,6.6,130.0,0.0,0.4,-100.0,2.7,4.3,16.0,27.0,0.72,False,1.97,-100.0
TSLA,305.93,2026-08-21,25,415.0,0.48,48.0,35.7,35.8,3250,4.0,3.7,5.6,111.0,0.0,0.0,-100.0,2.5,3.7,1.0,27.0,0.67,False,2.05,-100.0
TSLA,305.93,2026-08-21,25,420.0,0.43,43.0,37.3,37.4,18098,5.0,3.1,4.5,97.0,0.0,0.0,-100.0,1.9,2.5,-14.0,27.0,0.5,False,2.13,-100.0
TSLA,305.93,2026-08-21,25,425.0,0.4,40.0,38.9,39.1,3067,5.0,2.7,4.1,75.0,0.0,0.0,-100.0,1.6,2.1,-31.0,27.0,0.44,False,2.21,-100.0
TSLA,305.93,2026-08-21,25,430.0,0.37,37.0,40.6,40.7,6974,3.0,2.5,3.7,53.0,0.0,0.0,-100.0,1.4,1.6,-47.0,27.0,0.39,False,2.29,-100.0
TSLA,305.93,2026-08-21,25,435.0,0.34,34.0,42.2,42.3,2640,6.0,1.9,2.5,31.0,0.0,0.0,-100.0,1.0,1.4,-60.0,27.0,0.28,False,2.37,-100.0
TSLA,305.93,2026-08-21,25,440.0,0.31,31.0,43.8,43.9,7605,6.0,1.9,2.5,13.0,0.0,0.0,-100.0,0.6,1.4,-70.0,27.0,0.17,False,2.44,-100.0
TSLA,305.93,2026-08-21,25,445.0,0.29,29.0,45.5,45.6,1973,7.0,1.6,1.9,-8.0,0.0,0.0,-100.0,0.4,1.4,-76.0,27.0,0.11,False,2.52,-100.0
TSLA,305.93,2026-08-21,25,450.0,0.27,27.0,47.1,47.2,14506,4.0,1.0,1.4,-29.0,0.0,0.0,-100.0,0.4,1.2,-82.0,27.0,0.11,False,2.59,-100.0
TSLA,305.93,2026-08-21,25,455.0,0.26,26.0,48.7,48.8,1957,4.0,0.8,1.4,-46.0,0.0,0.0,-100.0,0.4,1.2,-89.0,27.0,0.11,False,2.67,-100.0
TSLA,305.93,2026-08-21,25,460.0,0.24,24.0,50.4,50.4,5749,8.0,0.6,1.4,-57.0,0.0,0.0,-100.0,0.4,1.2,-96.0,27.0,0.11,False,2.74,-100.0
TSLA,305.93,2026-08-21,25,465.0,0.23,23.0,52.0,52.1,1020,9.0,0.4,1.4,-65.0,0.0,0.0,-100.0,0.0,0.6,-100.0,27.0,0.0,False,2.81,-100.0
TSLA,305.93,2026-08-21,25,470.0,0.22,22.0,53.6,53.7,4314,5.0,0.4,1.2,-73.0,0.0,0.0,-100.0,0.0,0.2,-100.0,27.0,0.0,False,2.88,-100.0
TSLA,305.93,2026-08-21,25,475.0,0.21,21.0,55.3,55.3,2812,10.0,0.4,1.2,-82.0,0.0,0.0,-100.0,0.0,0.2,-100.0,27.0,0.0,False,2.95,-100.0
TSLA,305.93,2026-08-21,25,480.0,0.2,20.0,56.9,57.0,4613,10.0,0.4,1.2,-91.0,0.0,0.0,-100.0,0.0,0.0,-100.0,27.0,0.0,False,3.02,-100.0
TSLA,305.93,2026-08-21,25,485.0,0.19,19.0,58.5,58.6,735,11.0,0.0,0.6,-100.0,0.0,0.0,-100.0,0.0,0.0,-100.0,27.0,0.0,False,3.09,-100.0
TSLA,305.93,2026-08-21,25,490.0,0.18,18.0,60.2,60.2,2805,6.0,0.0,0.4,-100.0,0.0,0.0,-100.0,0.0,0.0,-100.0,27.0,0.0,False,3.16,-100.0
TSLA,305.93,2026-08-21,25,495.0,0.18,18.0,61.8,61.9,773,17.0,0.0,0.2,-100.0,0.0,0.0,-100.0,0.0,0.0,-100.0,27.0,0.0,False,3.23,-100.0
TSLA,305.93,2026-08-21,25,500.0,0.17,17.0,63.4,63.5,18897,12.0,0.0,0.2,-100.0,0.0,0.0,-100.0,0.0,0.0,-100.0,27.0,0.0,False,3.3,-100.0
TSLA,305.93,2026-08-21,25,505.0,0.17,17.0,65.1,65.1,929,18.0,0.0,0.0,-100.0,0.0,0.0,-100.0,0.0,0.0,-100.0,27.0,0.0,False,3.36,-100.0
TSLA,305.93,2026-08-21,25,510.0,0.16,16.0,66.7,66.8,1745,19.0,0.0,0.0,-100.0,0.0,0.0,-100.0,0.0,0.0,-100.0,27.0,0.0,False,3.43,-100.0
TSLA,305.93,2026-08-21,25,515.0,0.15,15.0,68.3,68.4,382,13.0,0.0,0.0,-100.0,0.0,0.0,-100.0,0.0,0.0,-100.0,27.0,0.0,False,3.5,-100.0
TSLA,305.93,2026-08-21,25,520.0,0.15,15.0,70.0,70.0,4512,20.0,0.0,0.0,-100.0,0.0,0.0,-100.0,0.0,0.0,-100.0,27.0,0.0,False,3.56,-100.0
TSLA,305.93,2026-08-21,25,525.0,0.15,15.0,71.6,71.7,654,20.0,0.0,0.0,-100.0,0.0,0.0,-100.0,0.0,0.0,-100.0,27.0,0.0,False,3.62,-100.0
TSLA,305.93,2026-08-21,25,530.0,0.15,15.0,73.2,73.3,2060,27.0,0.0,0.0,-100.0,0.0,0.0,-100.0,0.0,0.0,-100.0,27.0,0.0,False,3.69,-100.0
TSLA,305.93,2026-08-21,25,535.0,0.14,14.0,74.9,74.9,550,21.0,0.0,0.0,-100.0,0.0,0.0,-100.0,0.0,0.0,-100.0,27.0,0.0,False,3.75,-100.0
TSLA,305.93,2026-08-21,25,540.0,0.13,13.0,76.5,76.6,1252,15.0,0.0,0.0,-100.0,0.0,0.0,-100.0,0.0,0.0,-100.0,27.0,0.0,False,3.81,-100.0
TSLA,305.93,2026-08-21,25,545.0,0.14,14.0,78.1,78.2,252,29.0,0.0,0.0,-100.0,0.0,0.0,-100.0,0.0,0.0,-100.0,27.0,0.0,False,3.88,-100.0
TSLA,305.93,2026-08-21,25,550.0,0.11,11.0,79.8,79.8,4442,9.0,0.0,0.0,-100.0,0.0,0.0,-100.0,0.0,0.0,-100.0,27.0,0.0,False,3.94,-100.0
TSLA,305.93,2026-08-21,25,555.0,0.12,12.0,81.4,81.5,689,17.0,0.0,0.0,-100.0,0.0,0.0,-100.0,0.0,0.0,-100.0,27.0,0.0,False,4.0,-100.0
TSLA,305.93,2026-08-21,25,560.0,0.11,11.0,83.0,83.1,2223,18.0,0.0,0.0,-100.0,0.0,0.0,-100.0,0.0,0.0,-100.0,27.0,0.0,False,4.06,-100.0
TSLA,305.93,2026-08-21,25,565.0,0.12,12.0,84.7,84.7,410,25.0,0.0,0.0,-100.0,0.0,0.0,-100.0,0.0,0.0,-100.0,27.0,0.0,False,4.12,-100.0
TSLA,305.93,2026-08-21,25,570.0,0.12,12.0,86.3,86.4,854,25.0,0.0,0.0,-100.0,0.0,0.0,-100.0,0.0,0.0,-100.0,27.0,0.0,False,4.18,-100.0
TSLA,305.93,2026-08-21,25,580.0,0.11,11.0,89.6,89.6,1392,27.0,0.0,0.0,-100.0,0.0,0.0,-100.0,0.0,0.0,-100.0,27.0,0.0,False,4.29,-100.0
TSLA,305.93,2026-08-21,25,590.0,0.1,10.0,92.9,92.9,655,20.0,0.0,0.0,-100.0,0.0,0.0,-100.0,0.0,0.0,-100.0,27.0,0.0,False,4.41,-100.0
TSLA,305.93,2026-08-21,25,600.0,0.09,9.0,96.1,96.2,7929,22.0,0.0,0.0,-100.0,0.0,0.0,-100.0,0.0,0.0,-100.0,27.0,0.0,False,4.52,-100.0
TSLA,305.93,2026-08-21,25,610.0,0.09,9.0,99.4,99.4,1167,22.0,0.0,0.0,-100.0,0.0,0.0,-100.0,0.0,0.0,-100.0,27.0,0.0,False,4.63,-100.0
TSLA,305.93,2026-08-21,25,620.0,0.13,13.0,102.7,102.7,821,54.0,0.0,0.0,-100.0,0.0,0.0,-100.0,0.0,0.0,-100.0,27.0,0.0,False,4.74,-100.0
TSLA,305.93,2026-08-21,25,625.0,0.09,9.0,104.3,104.3,463,33.0,0.0,0.0,-100.0,0.0,0.0,-100.0,0.0,0.0,-100.0,27.0,0.0,False,4.79,-100.0
TSLA,305.93,2026-08-21,25,630.0,0.11,11.0,105.9,106.0,325,45.0,0.0,0.0,-100.0,0.0,0.0,-100.0,0.0,0.0,-100.0,27.0,0.0,False,4.85,-100.0
TSLA,305.93,2026-08-21,25,640.0,0.17,17.0,109.2,109.3,1295,71.0,0.0,0.0,-100.0,0.0,0.0,-100.0,0.0,0.0,-100.0,27.0,0.0,False,4.95,-100.0
TSLA,305.93,2026-08-21,25,650.0,0.1,10.0,112.5,112.5,1506,50.0,0.0,0.0,-100.0,0.0,0.0,-100.0,0.0,0.0,-100.0,27.0,0.0,False,5.06,-100.0
TSLA,305.93,2026-08-21,25,660.0,0.16,16.0,115.7,115.8,804,69.0,0.0,0.0,-100.0,0.0,0.0,-100.0,0.0,0.0,-100.0,27.0,0.0,False,5.16,-100.0
TSLA,305.93,2026-08-21,25,670.0,0.09,9.0,119.0,119.0,678,56.0,0.0,0.0,-100.0,0.0,0.0,-100.0,0.0,0.0,-100.0,27.0,0.0,False,5.26,-100.0
TSLA,305.93,2026-08-21,25,680.0,0.09,9.0,122.3,122.3,574,44.0,0.0,0.0,-100.0,0.0,0.0,-100.0,0.0,0.0,-100.0,27.0,0.0,False,5.36,-100.0
TSLA,305.93,2026-08-21,25,690.0,0.08,8.0,125.5,125.6,798,62.0,0.0,0.0,-100.0,0.0,0.0,-100.0,0.0,0.0,-100.0,27.0,0.0,False,5.46,-100.0
TSLA,305.93,2026-08-21,25,700.0,0.1,10.0,128.8,128.8,1241,70.0,0.0,0.0,-100.0,0.0,0.0,-100.0,0.0,0.0,-100.0,27.0,0.0,False,5.55,-100.0
TSLA,305.93,2026-08-21,25,710.0,0.08,8.0,132.1,132.1,338,62.0,0.0,0.0,-100.0,0.0,0.0,-100.0,0.0,0.0,-100.0,27.0,0.0,False,5.65,-100.0
TSLA,305.93,2026-08-21,25,720.0,0.15,15.0,135.3,135.4,612,87.0,0.0,0.0,-100.0,0.0,0.0,-100.0,0.0,0.0,-100.0,27.0,0.0,False,5.74,-100.0
TSLA,305.93,2026-08-21,25,730.0,0.1,10.0,138.6,138.6,692,80.0,0.0,0.0,-100.0,0.0,0.0,-100.0,0.0,0.0,-100.0,27.0,0.0,False,5.84,-100.0
TSLA,305.93,2026-08-21,25,740.0,0.1,10.0,141.9,141.9,718,90.0,0.0,0.0,-100.0,0.0,0.0,-100.0,0.0,0.0,-100.0,27.0,0.0,False,5.93,-100.0
TSLA,305.93,2026-08-21,25,770.0,0.16,16.0,151.7,151.7,517,94.0,0.0,0.0,-100.0,0.0,0.0,-100.0,0.0,0.0,-100.0,27.0,0.0,False,6.19,-100.0
TSLA,305.93,2026-08-21,25,790.0,0.14,14.0,158.2,158.3,268,100.0,0.0,0.0,-100.0,0.0,0.0,-100.0,0.0,0.0,-100.0,27.0,0.0,False,6.37,-100.0
TSLA,305.93,2026-08-21,25,810.0,0.1,10.0,164.8,164.8,333,100.0,0.0,0.0,-100.0,0.0,0.0,-100.0,0.0,0.0,-100.0,27.0,0.0,False,6.53,-100.0
TSLA,305.93,2026-08-21,25,820.0,0.09,9.0,168.0,168.1,573,89.0,0.0,0.0,-100.0,0.0,0.0,-100.0,0.0,0.0,-100.0,27.0,0.0,False,6.61,-100.0
TSLA,305.93,2026-08-21,25,830.0,0.12,12.0,171.3,171.3,581,92.0,0.0,0.0,-100.0,0.0,0.0,-100.0,0.0,0.0,-100.0,27.0,0.0,False,6.7,-100.0
TSLA,305.93,2026-08-21,25,850.0,0.08,8.0,177.8,177.9,1838,88.0,0.0,0.0,-100.0,0.0,0.0,-100.0,0.0,0.0,-100.0,27.0,0.0,False,6.86,-100.0
TSLA,305.93,2026-08-21,25,860.0,0.14,14.0,181.1,181.2,556,93.0,0.0,0.0,-100.0,0.0,0.0,-100.0,0.0,0.0,-100.0,27.0,0.0,False,6.93,-100.0
TSLA,305.93,2026-08-21,25,870.0,0.1,10.0,184.4,184.4,258,90.0,0.0,0.0,-100.0,0.0,0.0,-100.0,0.0,0.0,-100.0,27.0,0.0,False,7.01,-100.0
TSLA,305.93,2026-08-21,25,890.0,0.09,9.0,190.9,190.9,379,100.0,0.0,0.0,-100.0,0.0,0.0,-100.0,0.0,0.0,-100.0,27.0,0.0,False,7.16,-100.0
TSLA,305.93,2026-08-21,25,910.0,0.07,7.0,197.5,197.5,427,86.0,0.0,0.0,-100.0,0.0,0.0,-100.0,0.0,0.0,-100.0,27.0,0.0,False,7.31,-100.0
TSLA,305.93,2026-08-21,25,920.0,0.1,10.0,200.7,200.8,307,90.0,0.0,0.0,-100.0,0.0,0.0,-100.0,0.0,0.0,-100.0,27.0,0.0,False,7.39,-100.0
TSLA,305.93,2026-08-21,25,970.0,0.13,13.0,217.1,217.1,330,100.0,0.0,0.0,-100.0,0.0,0.0,-100.0,0.0,0.0,-100.0,27.0,0.0,False,7.74,-100.0
TSLA,305.93,2026-08-28,32,330.0,8.7,870.0,7.9,10.7,619,2.0,27.9,41.8,92.0,21.4,32.8,11.0,25.6,38.5,52.0,20.9,5.35,True,0.6,11.0
TSLA,305.93,2026-08-28,32,335.0,7.4,740.0,9.5,11.9,404,2.0,26.6,39.1,104.0,19.7,29.3,13.0,23.9,35.3,59.0,20.9,5.0,True,0.67,13.0
TSLA,305.93,2026-08-28,32,340.0,6.25,625.0,11.1,13.2,1036,2.0,25.2,37.2,118.0,19.2,28.4,16.0,21.8,31.0,68.0,20.9,4.57,False,0.73,16.0
TSLA,305.93,2026-08-28,32,345.0,5.3,530.0,12.8,14.5,387,2.0,23.7,33.1,132.0,17.9,22.3,17.0,20.6,27.9,76.0,20.9,4.3,False,0.8,17.0
TSLA,305.93,2026-08-28,32,350.0,4.5,450.0,14.4,15.9,1292,2.0,21.8,29.3,146.0,17.0,20.5,18.0,19.1,27.0,83.0,20.9,4.0,False,0.87,18.0
TSLA,305.93,2026-08-28,32,355.0,3.8,380.0,16.0,17.3,550,3.0,20.6,27.2,162.0,14.8,17.5,17.0,17.7,25.4,91.0,20.9,3.7,False,0.95,17.0
TSLA,305.93,2026-08-28,32,360.0,3.25,325.0,17.7,18.7,1384,3.0,19.1,26.4,174.0,13.5,16.2,13.0,16.6,24.1,95.0,20.9,3.48,False,1.02,13.0
TSLA,305.93,2026-08-28,32,365.0,2.74,274.0,19.3,20.2,335,2.0,17.7,24.9,190.0,12.2,14.8,9.0,15.0,21.2,101.0,20.9,3.13,False,1.09,9.0
TSLA,305.93,2026-08-28,32,370.0,2.34,234.0,20.9,21.7,1052,3.0,16.8,23.7,202.0,11.4,13.5,1.0,13.1,18.9,104.0,20.9,2.74,False,1.17,1.0
TSLA,305.93,2026-08-28,32,375.0,2.01,201.0,22.6,23.2,680,3.0,15.4,21.2,210.0,10.5,12.2,-10.0,11.2,17.5,105.0,20.9,2.35,False,1.24,-10.0
TSLA,305.93,2026-08-28,32,380.0,1.73,173.0,24.2,24.8,877,3.0,13.5,19.1,217.0,9.2,10.5,-26.0,10.0,15.6,107.0,20.9,2.09,False,1.31,-26.0
TSLA,305.93,2026-08-28,32,385.0,1.5,150.0,25.8,26.3,525,3.0,11.4,18.3,222.0,6.1,9.6,-44.0,9.4,13.7,106.0,20.9,1.96,False,1.39,-44.0
TSLA,305.93,2026-08-28,32,390.0,1.31,131.0,27.5,27.9,756,4.0,10.2,15.4,225.0,3.9,7.0,-58.0,8.1,12.5,101.0,20.9,1.7,False,1.46,-58.0
TSLA,305.93,2026-08-28,32,395.0,1.15,115.0,29.1,29.5,444,3.0,10.0,14.3,227.0,3.5,6.1,-68.0,7.7,11.2,94.0,20.9,1.61,False,1.53,-68.0
TSLA,305.93,2026-08-28,32,400.0,1.02,102.0,30.7,31.1,3279,4.0,8.9,13.1,221.0,2.2,4.8,-79.0,7.1,10.2,82.0,20.9,1.48,False,1.61,-79.0
TSLA,305.93,2026-08-28,32,405.0,0.91,91.0,32.4,32.7,417,4.0,8.1,11.4,213.0,1.3,3.1,-86.0,5.8,9.1,67.0,20.9,1.22,False,1.68,-86.0
TSLA,305.93,2026-08-28,32,410.0,0.82,82.0,34.0,34.3,617,5.0,7.7,10.8,199.0,0.9,2.2,-90.0,4.8,7.3,52.0,20.9,1.0,False,1.75,-90.0
TSLA,305.93,2026-08-28,32,415.0,0.74,74.0,35.7,35.9,315,3.0,6.9,10.0,181.0,0.4,1.7,-95.0,4.6,6.2,36.0,20.9,0.96,False,1.82,-95.0
TSLA,305.93,2026-08-28,32,420.0,0.68,68.0,37.3,37.5,1555,4.0,6.4,9.6,157.0,0.4,1.7,-98.0,3.5,5.2,17.0,20.9,0.74,False,1.89,-98.0
TSLA,305.93,2026-08-28,32,430.0,0.57,57.0,40.6,40.7,498,7.0,4.8,6.4,115.0,0.0,0.0,-100.0,2.3,3.3,-10.0,20.9,0.48,False,2.03,-100.0
TSLA,305.93,2026-08-28,32,435.0,0.53,53.0,42.2,42.4,1276,8.0,4.0,5.4,89.0,0.0,0.0,-100.0,2.1,2.9,-25.0,20.9,0.43,False,2.1,-100.0
TSLA,305.93,2026-08-28,32,440.0,0.49,49.0,43.8,44.0,642,6.0,3.1,4.8,68.0,0.0,0.0,-100.0,1.9,2.7,-40.0,20.9,0.39,False,2.16,-100.0
TSLA,305.93,2026-08-28,32,445.0,0.46,46.0,45.5,45.6,1098,7.0,2.5,3.5,46.0,0.0,0.0,-100.0,1.7,2.7,-55.0,20.9,0.35,False,2.23,-100.0
TSLA,305.93,2026-08-28,32,450.0,0.43,43.0,47.1,47.2,744,7.0,2.3,3.1,29.0,0.0,0.0,-100.0,1.5,2.3,-70.0,20.9,0.3,False,2.3,-100.0
TSLA,305.93,2026-08-28,32,455.0,0.41,41.0,48.7,48.9,343,10.0,2.1,2.9,8.0,0.0,0.0,-100.0,0.8,2.1,-82.0,20.9,0.17,False,2.36,-100.0
TSLA,305.93,2026-08-28,32,460.0,0.39,39.0,50.4,50.5,314,10.0,1.9,2.7,-12.0,0.0,0.0,-100.0,0.6,2.1,-90.0,20.9,0.13,False,2.43,-100.0
TSLA,305.93,2026-08-28,32,465.0,0.36,36.0,52.0,52.1,264,8.0,1.7,2.7,-30.0,0.0,0.0,-100.0,0.4,1.0,-96.0,20.9,0.09,False,2.49,-100.0
TSLA,305.93,2026-08-28,32,470.0,0.34,34.0,53.6,53.7,498,9.0,1.5,2.7,-50.0,0.0,0.0,-100.0,0.0,0.2,-100.0,20.9,0.0,False,2.55,-100.0
TSLA,305.93,2026-08-28,32,480.0,0.31,31.0,56.9,57.0,371,10.0,0.6,2.1,-80.0,0.0,0.0,-100.0,0.0,0.0,-100.0,20.9,0.0,False,2.68,-100.0
TSLA,305.93,2026-08-28,32,485.0,0.3,30.0,58.5,58.6,549,10.0,0.4,1.5,-89.0,0.0,0.0,-100.0,0.0,0.0,-100.0,20.9,0.0,False,2.74,-100.0
TSLA,305.93,2026-08-28,32,500.0,0.26,26.0,63.4,63.5,440,12.0,0.0,0.2,-100.0,0.0,0.0,-100.0,0.0,0.0,-100.0,20.9,0.0,False,2.92,-100.0
TSLA,305.93,2026-08-28,32,520.0,0.23,23.0,70.0,70.0,286,17.0,0.0,0.0,-100.0,0.0,0.0,-100.0,0.0,0.0,-100.0,20.9,0.0,False,3.15,-100.0
TSLA,305.93,2026-09-04,39,345.0,6.75,675.0,12.8,15.0,490,3.0,27.5,37.4,130.0,18.8,25.9,11.0,22.7,33.4,72.0,17.0,3.86,False,0.75,11.0
TSLA,305.93,2026-09-04,39,350.0,5.8,580.0,14.4,16.3,674,3.0,25.4,34.9,143.0,18.3,24.6,13.0,20.6,31.1,79.0,17.0,3.5,False,0.81,13.0
TSLA,305.93,2026-09-04,39,360.0,4.35,435.0,17.7,19.1,376,5.0,20.8,31.1,165.0,16.5,21.4,8.0,17.0,26.9,91.0,17.0,2.89,False,0.94,8.0
TSLA,305.93,2026-09-04,39,395.0,1.7,170.0,29.1,29.7,263,6.0,11.3,18.1,237.0,4.5,10.3,-64.0,8.6,13.9,118.0,17.0,1.46,False,1.4,-64.0
TSLA,305.93,2026-09-04,39,400.0,1.52,152.0,30.7,31.2,447,6.0,10.3,16.8,240.0,3.6,8.9,-73.0,7.8,12.8,116.0,17.0,1.32,False,1.46,-73.0
TSLA,305.93,2026-09-18,53,345.0,9.1,910.0,12.8,15.7,847,1.0,32.2,45.5,149.0,21.5,31.8,23.0,29.4,41.0,86.0,12.3,3.61,False,0.68,23.0
TSLA,305.93,2026-09-18,53,350.0,8.0,800.0,14.4,17.0,3011,1.0,30.7,44.0,162.0,20.6,29.4,26.0,26.8,38.8,93.0,12.3,3.29,False,0.73,26.0
TSLA,305.93,2026-09-18,53,355.0,7.05,705.0,16.0,18.3,1124,1.0,30.0,41.2,173.0,20.1,27.1,28.0,25.3,37.3,97.0,12.3,3.11,False,0.78,28.0
TSLA,305.93,2026-09-18,53,360.0,6.25,625.0,17.7,19.7,1901,2.0,28.8,39.1,184.0,20.1,25.2,27.0,23.2,34.8,101.0,12.3,2.84,False,0.83,27.0
TSLA,305.93,2026-09-18,53,365.0,5.5,550.0,19.3,21.1,580,2.0,26.8,38.0,195.0,17.8,23.8,27.0,21.7,32.6,105.0,12.3,2.66,False,0.88,27.0
TSLA,305.93,2026-09-18,53,370.0,4.9,490.0,20.9,22.5,3110,3.0,24.7,35.6,203.0,17.8,21.5,23.0,18.9,30.9,107.0,12.3,2.32,False,0.94,23.0
TSLA,305.93,2026-09-18,53,375.0,4.3,430.0,22.6,24.0,3584,2.0,23.2,33.7,215.0,15.4,20.1,19.0,17.6,28.3,112.0,12.3,2.16,False,0.99,19.0
TSLA,305.93,2026-09-18,53,380.0,3.85,385.0,24.2,25.5,5873,3.0,21.7,32.0,221.0,15.4,19.2,12.0,16.7,27.0,113.0,12.3,2.05,False,1.05,12.0
TSLA,305.93,2026-09-18,53,385.0,3.4,340.0,25.8,27.0,2121,3.0,18.9,30.0,230.0,13.1,18.2,4.0,13.7,24.5,117.0,12.3,1.68,False,1.1,4.0
TSLA,305.93,2026-09-18,53,390.0,3.05,305.0,27.5,28.5,4113,3.0,17.6,27.9,236.0,11.7,16.8,-7.0,12.2,22.3,118.0,12.3,1.5,False,1.16,-7.0
TSLA,305.93,2026-09-18,53,395.0,2.71,271.0,29.1,30.0,2838,2.0,16.7,26.2,245.0,11.7,15.9,-17.0,10.3,20.4,122.0,12.3,1.26,False,1.21,-17.0
TSLA,305.93,2026-09-18,53,400.0,2.43,243.0,30.7,31.5,11855,2.0,15.0,24.2,250.0,10.7,14.5,-31.0,9.2,17.8,126.0,12.3,1.13,False,1.27,-31.0
TSLA,305.93,2026-09-18,53,405.0,2.19,219.0,32.4,33.1,1993,2.0,12.7,22.5,255.0,6.5,12.6,-46.0,8.2,15.9,130.0,12.3,1.0,False,1.32,-46.0
TSLA,305.93,2026-09-18,53,410.0,1.98,198.0,34.0,34.7,4162,3.0,11.6,21.2,261.0,5.6,12.1,-57.0,7.5,13.7,134.0,12.3,0.92,False,1.37,-57.0
TSLA,305.93,2026-09-18,53,415.0,1.8,180.0,35.7,36.2,1496,3.0,9.4,18.2,265.0,3.3,7.9,-67.0,6.4,11.8,137.0,12.3,0.79,False,1.43,-67.0
TSLA,305.93,2026-09-18,53,420.0,1.64,164.0,37.3,37.8,20521,3.0,9.2,16.1,272.0,3.3,6.1,-74.0,5.6,9.2,141.0,12.3,0.68,False,1.48,-74.0
TSLA,305.93,2026-09-18,53,425.0,1.5,150.0,38.9,39.4,5153,3.0,8.2,15.0,277.0,2.8,4.7,-83.0,4.9,8.4,145.0,12.3,0.61,False,1.53,-83.0
TSLA,305.93,2026-09-18,53,430.0,1.37,137.0,40.6,41.0,3808,3.0,7.3,13.1,284.0,1.9,3.3,-90.0,4.5,7.1,150.0,12.3,0.55,False,1.59,-90.0
TSLA,305.93,2026-09-18,53,435.0,1.27,127.0,42.2,42.6,2067,3.0,6.4,11.2,286.0,0.9,2.3,-96.0,4.3,6.7,152.0,12.3,0.53,False,1.64,-96.0
TSLA,305.93,2026-09-18,53,440.0,1.17,117.0,43.8,44.2,6899,2.0,5.6,9.0,292.0,0.0,0.5,-100.0,4.3,5.6,155.0,12.3,0.53,False,1.69,-100.0
TSLA,305.93,2026-09-18,53,445.0,1.09,109.0,45.5,45.8,953,4.0,5.2,8.6,296.0,0.0,0.5,-100.0,4.3,5.4,154.0,12.3,0.53,False,1.74,-100.0
TSLA,305.93,2026-09-18,53,450.0,1.01,101.0,47.1,47.4,10856,1.0,4.5,7.1,302.0,0.0,0.0,-100.0,3.9,4.9,154.0,12.3,0.47,False,1.79,-100.0
TSLA,305.93,2026-09-18,53,455.0,0.95,95.0,48.7,49.0,1442,4.0,4.5,6.9,304.0,0.0,0.0,-100.0,3.9,4.7,150.0,12.3,0.47,False,1.84,-100.0
TSLA,305.93,2026-09-18,53,460.0,0.89,89.0,50.4,50.7,4391,3.0,4.3,5.8,306.0,0.0,0.0,-100.0,3.9,4.7,145.0,12.3,0.47,False,1.89,-100.0
TSLA,305.93,2026-09-18,53,465.0,0.82,82.0,52.0,52.3,1698,2.0,4.3,5.6,315.0,0.0,0.0,-100.0,3.4,4.5,142.0,12.3,0.42,False,1.94,-100.0
TSLA,305.93,2026-09-18,53,470.0,0.79,79.0,53.6,53.9,3747,4.0,4.3,5.4,303.0,0.0,0.0,-100.0,3.2,4.3,130.0,12.3,0.39,False,1.99,-100.0
TSLA,305.93,2026-09-18,53,475.0,0.75,75.0,55.3,55.5,2533,4.0,3.9,4.9,297.0,0.0,0.0,-100.0,3.2,4.1,121.0,12.3,0.39,False,2.04,-100.0
TSLA,305.93,2026-09-18,53,480.0,0.71,71.0,56.9,57.1,3410,3.0,3.9,4.7,292.0,0.0,0.0,-100.0,3.0,4.1,112.0,12.3,0.37,False,2.09,-100.0
TSLA,305.93,2026-09-18,53,485.0,0.68,68.0,58.5,58.8,1314,4.0,3.9,4.7,281.0,0.0,0.0,-100.0,3.0,3.9,99.0,12.3,0.37,False,2.13,-100.0
TSLA,305.93,2026-09-18,53,490.0,0.65,65.0,60.2,60.4,4389,5.0,3.9,4.5,269.0,0.0,0.0,-100.0,2.6,3.6,87.0,12.3,0.32,False,2.18,-100.0
TSLA,305.93,2026-09-18,53,495.0,0.62,62.0,61.8,62.0,1193,5.0,3.4,4.3,259.0,0.0,0.0,-100.0,2.4,3.6,75.0,12.3,0.29,False,2.23,-100.0
TSLA,305.93,2026-09-18,53,500.0,0.59,59.0,63.4,63.6,10446,3.0,3.2,4.1,249.0,0.0,0.0,-100.0,2.1,3.6,65.0,12.3,0.26,False,2.27,-100.0
TSLA,305.93,2026-09-18,53,505.0,0.57,57.0,65.1,65.3,1151,5.0,3.2,4.1,233.0,0.0,0.0,-100.0,2.1,3.6,52.0,12.3,0.26,False,2.32,-100.0
TSLA,305.93,2026-09-18,53,510.0,0.54,54.0,66.7,66.9,1105,6.0,3.0,3.9,223.0,0.0,0.0,-100.0,1.7,3.2,41.0,12.3,0.21,False,2.36,-100.0
TSLA,305.93,2026-09-18,53,515.0,0.52,52.0,68.3,68.5,861,6.0,3.0,3.9,206.0,0.0,0.0,-100.0,1.5,3.0,31.0,12.3,0.18,False,2.41,-100.0
TSLA,305.93,2026-09-18,53,520.0,0.49,49.0,70.0,70.1,2643,4.0,2.6,3.6,196.0,0.0,0.0,-100.0,1.1,2.8,24.0,12.3,0.13,False,2.45,-100.0
TSLA,305.93,2026-09-18,53,525.0,0.49,49.0,71.6,71.8,1284,8.0,2.6,3.6,170.0,0.0,0.0,-100.0,1.1,2.6,13.0,12.3,0.13,False,2.5,-100.0
TSLA,305.93,2026-09-18,53,530.0,0.47,47.0,73.2,73.4,1033,6.0,2.1,3.6,156.0,0.0,0.0,-100.0,1.1,2.1,6.0,12.3,0.13,False,2.54,-100.0
TSLA,305.93,2026-09-18,53,535.0,0.45,45.0,74.9,75.0,836,7.0,2.1,3.6,143.0,0.0,0.0,-100.0,1.1,1.9,-1.0,12.3,0.13,False,2.58,-100.0
TSLA,305.93,2026-09-18,53,540.0,0.44,44.0,76.5,76.7,2173,9.0,2.1,3.6,125.0,0.0,0.0,-100.0,0.9,1.9,-11.0,12.3,0.11,False,2.63,-100.0
TSLA,305.93,2026-09-18,53,545.0,0.42,42.0,78.1,78.3,294,7.0,1.7,3.0,112.0,0.0,0.0,-100.0,0.9,1.9,-17.0,12.3,0.11,False,2.67,-100.0
TSLA,305.93,2026-09-18,53,550.0,0.4,40.0,79.8,79.9,6985,5.0,1.5,3.0,101.0,0.0,0.0,-100.0,0.6,0.9,-22.0,12.3,0.08,False,2.71,-100.0
TSLA,305.93,2026-09-18,53,560.0,0.38,38.0,83.0,83.2,1221,8.0,1.1,2.6,78.0,0.0,0.0,-100.0,0.6,0.9,-35.0,12.3,0.08,False,2.79,-100.0
TSLA,305.93,2026-09-18,53,570.0,0.36,36.0,86.3,86.4,1689,8.0,1.1,1.9,58.0,0.0,0.0,-100.0,0.4,0.4,-46.0,12.3,0.05,False,2.88,-100.0
TSLA,305.93,2026-09-18,53,580.0,0.34,34.0,89.6,89.7,1957,9.0,0.9,1.9,36.0,0.0,0.0,-100.0,0.4,0.4,-56.0,12.3,0.05,False,2.96,-100.0
TSLA,305.93,2026-09-18,53,590.0,0.32,32.0,92.9,93.0,1125,9.0,0.6,0.9,19.0,0.0,0.0,-100.0,0.4,0.4,-66.0,12.3,0.05,False,3.03,-100.0
TSLA,305.93,2026-09-18,53,595.0,0.31,31.0,94.5,94.6,1174,10.0,0.6,0.9,12.0,0.0,0.0,-100.0,0.4,0.4,-72.0,12.3,0.05,False,3.07,-100.0
TSLA,305.93,2026-09-18,53,600.0,0.29,29.0,96.1,96.2,10041,7.0,0.6,0.9,9.0,0.0,0.0,-100.0,0.2,0.2,-77.0,12.3,0.03,False,3.11,-100.0
TSLA,305.93,2026-09-18,53,610.0,0.29,29.0,99.4,99.5,1869,10.0,0.4,0.4,-13.0,0.0,0.0,-100.0,0.2,0.2,-85.0,12.3,0.03,False,3.19,-100.0
TSLA,305.93,2026-09-18,53,620.0,0.28,28.0,102.7,102.8,2033,18.0,0.4,0.4,-26.0,0.0,0.0,-100.0,0.2,0.2,-92.0,12.3,0.03,False,3.26,-100.0
TSLA,305.93,2026-09-18,53,630.0,0.26,26.0,105.9,106.0,3377,12.0,0.4,0.4,-36.0,0.0,0.0,-100.0,0.2,0.2,-99.0,12.3,0.03,False,3.34,-100.0
TSLA,305.93,2026-09-18,53,640.0,0.25,25.0,109.2,109.3,1663,12.0,0.4,0.4,-51.0,0.0,0.0,-100.0,0.0,0.0,-100.0,12.3,0.0,False,3.41,-100.0
TSLA,305.93,2026-09-18,53,650.0,0.24,24.0,112.5,112.5,4182,12.0,0.2,0.2,-67.0,0.0,0.0,-100.0,0.0,0.0,-100.0,12.3,0.0,False,3.48,-100.0
TSLA,305.93,2026-09-18,53,660.0,0.23,23.0,115.7,115.8,745,13.0,0.2,0.2,-75.0,0.0,0.0,-100.0,0.0,0.0,-100.0,12.3,0.0,False,3.55,-100.0
TSLA,305.93,2026-09-18,53,670.0,0.23,23.0,119.0,119.1,591,17.0,0.2,0.2,-84.0,0.0,0.0,-100.0,0.0,0.0,-100.0,12.3,0.0,False,3.62,-100.0
TSLA,305.93,2026-09-18,53,680.0,0.22,22.0,122.3,122.3,1101,18.0,0.2,0.2,-93.0,0.0,0.0,-100.0,0.0,0.0,-100.0,12.3,0.0,False,3.69,-100.0
TSLA,305.93,2026-09-18,53,690.0,0.21,21.0,125.5,125.6,961,19.0,0.0,0.0,-100.0,0.0,0.0,-100.0,0.0,0.0,-100.0,12.3,0.0,False,3.76,-100.0
TSLA,305.93,2026-09-18,53,700.0,0.19,19.0,128.8,128.9,6294,16.0,0.0,0.0,-100.0,0.0,0.0,-100.0,0.0,0.0,-100.0,12.3,0.0,False,3.82,-100.0
TSLA,305.93,2026-09-18,53,710.0,0.19,19.0,132.1,132.1,4240,21.0,0.0,0.0,-100.0,0.0,0.0,-100.0,0.0,0.0,-100.0,12.3,0.0,False,3.89,-100.0
TSLA,305.93,2026-09-18,53,720.0,0.18,18.0,135.3,135.4,623,17.0,0.0,0.0,-100.0,0.0,0.0,-100.0,0.0,0.0,-100.0,12.3,0.0,False,3.95,-100.0
TSLA,305.93,2026-09-18,53,730.0,0.17,17.0,138.6,138.7,874,18.0,0.0,0.0,-100.0,0.0,0.0,-100.0,0.0,0.0,-100.0,12.3,0.0,False,4.02,-100.0
TSLA,305.93,2026-09-18,53,740.0,0.17,17.0,141.9,141.9,877,24.0,0.0,0.0,-100.0,0.0,0.0,-100.0,0.0,0.0,-100.0,12.3,0.0,False,4.08,-100.0
TSLA,305.93,2026-09-18,53,750.0,0.16,16.0,145.2,145.2,5399,19.0,0.0,0.0,-100.0,0.0,0.0,-100.0,0.0,0.0,-100.0,12.3,0.0,False,4.14,-100.0
TSLA,305.93,2026-09-18,53,760.0,0.16,16.0,148.4,148.5,1095,19.0,0.0,0.0,-100.0,0.0,0.0,-100.0,0.0,0.0,-100.0,12.3,0.0,False,4.2,-100.0
TSLA,305.93,2026-09-18,53,770.0,0.16,16.0,151.7,151.7,295,25.0,0.0,0.0,-100.0,0.0,0.0,-100.0,0.0,0.0,-100.0,12.3,0.0,False,4.26,-100.0
TSLA,305.93,2026-09-18,53,780.0,0.14,14.0,155.0,155.0,418,14.0,0.0,0.0,-100.0,0.0,0.0,-100.0,0.0,0.0,-100.0,12.3,0.0,False,4.32,-100.0
TSLA,305.93,2026-09-18,53,790.0,0.14,14.0,158.2,158.3,579,21.0,0.0,0.0,-100.0,0.0,0.0,-100.0,0.0,0.0,-100.0,12.3,0.0,False,4.38,-100.0
TSLA,305.93,2026-09-18,53,800.0,0.14,14.0,161.5,161.5,8717,21.0,0.0,0.0,-100.0,0.0,0.0,-100.0,0.0,0.0,-100.0,12.3,0.0,False,4.44,-100.0
TSLA,305.93,2026-09-18,53,810.0,0.13,13.0,164.8,164.8,869,23.0,0.0,0.0,-100.0,0.0,0.0,-100.0,0.0,0.0,-100.0,12.3,0.0,False,4.5,-100.0
TSLA,305.93,2026-09-18,53,820.0,0.14,14.0,168.0,168.1,693,29.0,0.0,0.0,-100.0,0.0,0.0,-100.0,0.0,0.0,-100.0,12.3,0.0,False,4.55,-100.0
TSLA,305.93,2026-09-18,53,830.0,0.14,14.0,171.3,171.3,411,29.0,0.0,0.0,-100.0,0.0,0.0,-100.0,0.0,0.0,-100.0,12.3,0.0,False,4.61,-100.0
TSLA,305.93,2026-09-18,53,840.0,0.13,13.0,174.6,174.6,540,23.0,0.0,0.0,-100.0,0.0,0.0,-100.0,0.0,0.0,-100.0,12.3,0.0,False,4.66,-100.0
TSLA,305.93,2026-09-18,53,850.0,0.15,15.0,177.8,177.9,3484,40.0,0.0,0.0,-100.0,0.0,0.0,-100.0,0.0,0.0,-100.0,12.3,0.0,False,4.72,-100.0
TSLA,305.93,2026-09-18,53,860.0,0.16,16.0,181.1,181.2,2381,44.0,0.0,0.0,-100.0,0.0,0.0,-100.0,0.0,0.0,-100.0,12.3,0.0,False,4.77,-100.0
TSLA,305.93,2026-09-18,53,870.0,0.16,16.0,184.4,184.4,279,38.0,0.0,0.0,-100.0,0.0,0.0,-100.0,0.0,0.0,-100.0,12.3,0.0,False,4.83,-100.0
TSLA,305.93,2026-09-18,53,880.0,0.17,17.0,187.6,187.7,922,53.0,0.0,0.0,-100.0,0.0,0.0,-100.0,0.0,0.0,-100.0,12.3,0.0,False,4.88,-100.0
TSLA,305.93,2026-09-18,53,890.0,0.14,14.0,190.9,191.0,720,43.0,0.0,0.0,-100.0,0.0,0.0,-100.0,0.0,0.0,-100.0,12.3,0.0,False,4.93,-100.0
TSLA,305.93,2026-09-18,53,900.0,0.15,15.0,194.2,194.2,7043,53.0,0.0,0.0,-100.0,0.0,0.0,-100.0,0.0,0.0,-100.0,12.3,0.0,False,4.98,-100.0
TSLA,305.93,2026-09-18,53,910.0,0.14,14.0,197.5,197.5,612,50.0,0.0,0.0,-100.0,0.0,0.0,-100.0,0.0,0.0,-100.0,12.3,0.0,False,5.03,-100.0
TSLA,305.93,2026-09-18,53,920.0,0.2,20.0,200.7,200.8,1219,70.0,0.0,0.0,-100.0,0.0,0.0,-100.0,0.0,0.0,-100.0,12.3,0.0,False,5.08,-100.0
TSLA,305.93,2026-09-18,53,930.0,0.2,20.0,204.0,204.1,1180,70.0,0.0,0.0,-100.0,0.0,0.0,-100.0,0.0,0.0,-100.0,12.3,0.0,False,5.13,-100.0
TSLA,305.93,2026-09-18,53,940.0,0.2,20.0,207.3,207.3,10391,70.0,0.0,0.0,-100.0,0.0,0.0,-100.0,0.0,0.0,-100.0,12.3,0.0,False,5.18,-100.0
TSLA,305.93,2026-09-18,53,950.0,0.2,20.0,210.5,210.6,320,80.0,0.0,0.0,-100.0,0.0,0.0,-100.0,0.0,0.0,-100.0,12.3,0.0,False,5.23,-100.0
TSLA,305.93,2026-09-18,53,960.0,0.2,20.0,213.8,213.9,1344,70.0,0.0,0.0,-100.0,0.0,0.0,-100.0,0.0,0.0,-100.0,12.3,0.0,False,5.28,-100.0
TSLA,305.93,2026-09-18,53,970.0,0.15,15.0,217.1,217.1,2328,60.0,0.0,0.0,-100.0,0.0,0.0,-100.0,0.0,0.0,-100.0,12.3,0.0,False,5.33,-100.0
TSLA,305.93,2026-09-18,53,980.0,0.09,9.0,220.3,220.4,6774,44.0,0.0,0.0,-100.0,0.0,0.0,-100.0,0.0,0.0,-100.0,12.3,0.0,False,5.38,-100.0
TSLA,305.93,2026-09-18,53,990.0,0.08,8.0,223.6,223.6,37000,12.0,0.0,0.0,-100.0,0.0,0.0,-100.0,0.0,0.0,-100.0,12.3,0.0,False,5.42,-100.0
