report,n,abs_cc,abs_oc,range,trend,dir_rate
Jobs Report (NFP + Unemployment),4,0.012121660978931914,0.0070786919375628865,0.013020245387307098,0.5044627317099772,0.5
FOMC Rate Decision,3,0.008865351274181569,0.008311358447219272,0.01177678652557368,0.588287153108569,0.6666666666666666
PCE (Personal Income & Outlays),5,0.005668216882071264,0.007123661811485982,0.012351090938560485,0.5905519003223586,0.0
CPI (Consumer Price Index),4,0.004799358979691054,0.0042947719429145825,0.010601525095133634,0.37536320095238507,0.25
