report,n,abs_cc,abs_oc,range,trend,dir_rate
Jobs Report (NFP + Unemployment),3,0.011793180474000797,0.008928427805156977,0.014253576951903794,0.6179158599074598,0.6666666666666666
PPI (Producer Price Index),3,0.011592191913819624,0.009131435663183604,0.014336778698181589,0.6685042839638723,0.6666666666666666
Retail Sales (Advance),3,0.008976345226989202,0.009518891699123752,0.012488669106665707,0.7565502409984552,0.6666666666666666
FOMC Rate Decision,2,0.006321185963230724,0.007282705796025857,0.01130702727093626,0.4747390408746719,0.5
CPI (Consumer Price Index),3,0.005980758263640973,0.005111429070720448,0.010817692960099294,0.43870066585972634,0.3333333333333333
JOLTS (Job Openings),3,0.00572229970486456,0.004506243407384443,0.006459417246031722,0.675334662741263,0.6666666666666666
GDP,4,0.005670226657899291,0.006297243979056566,0.01131759830935574,0.5800264804797174,0.0
PCE (Personal Income & Outlays),4,0.005670226657899291,0.006297243979056566,0.01131759830935574,0.5800264804797174,0.0
